Workbook
Name Klimaatimpact: Tabel14[[#Headers],[CO2-nieuw (kg)]]

Sheet Methodiek
G2: Tabblad in Excel | H2: Functie binnen het rekenmodel
G3: Methodiek | H3: Bevat een toelichitng over het gebruik van het rekenmodel.
G4: Dashboard | H4: In dit blad wordt er een overzicht gegeven van de uitkomsten uit het rekenmodel die gekoppeld zijn met Bim-data.
G5: Hout, Staal, Beton, Koper, Aluminium, Bitumen | H5: Bevatten de materiaalspecifieke berekeningen voor recovery rate, CO₂-uitstoot en financiële waarde. Opgesteld opbasis van voorbeeld emlementen en volumes.
G6: Hout 2.0, Staal 2.0, Beton 2.0, Koper 2.0, Aluminium 2.0, Bitumen 2.0 | H6: Bevatten de indeling van materialen in categorieën en onderbouwingen.
G7: Hout-data, Staal-data, Beton-data, Koper-data, Aluminium-data, Bitumen-data | H7: in dit blad komt de data afkomstig uit een BIM-model, en wordt hier in een tabel genoteerd.
G8: Categorie | H8: Geeft een totaaloverzicht van de A-, B-, C- en bijzonder-indeling per materiaalsoort.
G11: Lagenda | H11: Formule
G12: Doel: | H12: Deze workbook vult ontbrekende recovery-velden in met referentie-eenheden en conservatieve aannames.
G13: Belangrijk: | H13: waar projectspecifieke hoeveelheden ontbreken, is gewerkt met 1 m3, 1 kg of 1 stuk als referentie.
G14: Praktische recovery rate (%) = | H14: =ALS.FOUT(AFRONDEN([@[Gem. score]]/5;2);0)
G15: Gem. score = | H15: Gemiddelde van Demonteerbaarheid, Materiaalconditie en Marktpotentie
G16: Hergebruik/recycling | H16: Zijn verdeeld op basis van routeadvies via onderstaande lookup-tabel.
G17: Gebaseerd op schattingen en waarnemen
G19: Routeadvies | H19: Betekenis
G20: Hergebruik | H20: Het materiaal kan grotendeels opnieuw als product of element worden toegepast.
G21: Recycling | H21: Het materiaal wordt verwerkt tot een lagere toepassing.
G22: Handmatig beoordelen | H22: Het materiaal vraagt extra controle door een expert.
G26: Eindbeoordeling dashboard | H26: Wanneer score je Ja? | I26: Wanneer score je Nee? | J26: Wanneer score je Handmatig?
G27: Financieel positief? | H27: Als de financiële marktwaarde groter is dan €0. | I27: Als de financiële marktwaarde €0 of lager is. | J27: Als de klasse Totaal, leeg of Handmatig beoordelen is.
G28: Klimaatpositief? | H28: Als het klimaat-routeadvies aangeeft dat hergebruik of recycling klimaatvriendelijker is. | I28: Als er geen klimaatvoordeel uit het model komt. | J28: Als er geen klimaatadvies is of de klasse handmatig beoordeeld moet worden.
G29: Recovery hoog? | H29: Als de PRR 70% of hoger is. | I29: Als de PRR lager dan 70% is. | J29: Als er geen PRR is of de klasse handmatig beoordeeld moet worden.
G30: Eindbeoordeling | H30: Interessant bij minimaal 2 keer Ja. | I30: Niet interessant bij 0 keer Ja. | J30: Twijfelachtig bij 1 keer Ja of Handmatig beoordelen als er te weinig betrouwbare input is.

Sheet Dashboard
A1: Dashboard sloopproject
A2: Materiaalstroom | B2: Bouwdeel uit BIM | C2: BIM-volume m³ | D2: Transport Impact | E2: Transportafstand (km) | F2: Demonteerbaarheid | G2: Materiaalconditie | H2: Marktpotentie | I2: PRR | J2: Routeadvies | K2: Grenswaarde | L2: Klasse | M2: Tot. nieuw CO2 (kg) | N2: Tot. hergebruik CO2 (kg) | O2: Tot. recycling Co2 (kg) | P2: Klimaatbespring kg Co2 | Q2: Routeadvies 2 | R2: Verkoopbare volume m³ | S2: Verkoopprijs per m³ | T2: Financiële marktwaarde excl. kosten | U2: Recovery hoog? | V2: Klimaat positief? | W2: Financiele positief? | X2: Eindbeoordeling
A3: Hout | B3: Totaal | C3: ='Hout-data'!B2 -> 1.35 | D3: 2 | E3: ="" | F3: =AVERAGE(F4:F12) -> 3.2222222 | G3: =AVERAGE(G4:G12) -> 3.1111111 | H3: =AVERAGE(H4:H12) -> 2.4444444 | I3: =IFERROR(ROUND(AVERAGE(Tabel26[[#This Row],[Demonteerbaarheid]],Tabel26[[#This Row],[Materiaalconditie ]],Tabel26[[#This Row],[Marktpotentie ]])/5,2),0) -> 0.59 | J3: =IF(I3="","Handmatig beoordelen",IF(I3>=0.8,"Hergebruik",IF(I3>=0.55,"Hergebruik > recycling",IF(I3>=0.3,"Recycling","Handmatig beoordelen")))) -> Hergebruik > recycling | K3: =IF(Tabel26[[#This Row],[Routeadvies]]="Hergebruik",">= 0,8",IF(Tabel26[[#This Row],[Routeadvies]]="Hergebruik > recycling",">= 0,55 en < 0,8",IF(Tabel26[[#This Row],[Routeadvies]]="Recycling",">= 0,3 en < 0,55",IF(Tabel26[[#This Row],[Routeadvies]]="Handmatig beoordelen","< 0,3 of geen score","")))) -> >= 0,55 en < 0,8 | L3: =IF($B3="Totaal","Totaal",IF($A3="Hout",IF(OR($B3="Trappen",$B3="Ramen",$B3="Deuren",$B3="Kozijnen",$B3="Dakkapellen",$B3="Dakconstructie"),"Bijzonder hout",IF($G3="","Handmatig beoordelen",IF($G3>=4,"A-hout",IF($G3>=3,"B-hout",IF($G3>0,"C-hout","Handmatig beoordelen"))))),IF($A3="Staal",IF(OR($B3="Kolommen",$B3="Balken",$B3="Liggers",$B3="Buisstaalconstructies",$B3="Kozijnen",$B3="Trappen",$B3="Hekwerken",$B3="Leuningen"),"Bijzonder staal",IF($G3="","Handmatig beoordelen",IF($G3>=4,"A-staal",IF($G3>=2,"B-staal",IF($G3>0,"C-staal","Handmatig beoordelen"))))),IF($A3="Beton",IF(OR($B3="Funderingen",$B3="Heipalen",$B3="Prefab elementen",$B3="Kanaalplaatvloeren",$B3="Breedplaatvloeren",$B3="Trappen",$B3="Gevelpanelen"),"Bijzonder beton",IF($G3="","Handmatig beoordelen",IF($G3>=4,"A-beton",IF($G3>=3,"B-beton",IF($G3>0,"C-beton","Handmatig beoordelen"))))),IF(OR($A3="Aluminium",$A3="Alumiunium"),IF(OR($B3="Ramen",$B3="Deuren",$B3="Kozijnen",$B3="Vliesgevels",$B3="Gevelsystemen",$B3="Zonwering",$B3="Trappen"),"Bijzonder aluminium",IF($G3="","Handmatig beoordelen",IF($G3>=4,"A-aluminium",IF($G3>=3,"B-aluminium",IF($G3>0,"C-aluminium","Handmatig beoordelen"))))),IF($A3="Koper",IF(OR($B3="Installaties",$B3="Technische ruimte",$B3="Verdeelkast",$B3="Meterkast",$B3="Bliksemafleiding",$B3="Leidingnetten"),"Bijzonder koper",IF($G3="","Handmatig beoordelen",IF($G3>=4,"A-koper",IF($G3>=3,"B-koper",IF($G3>0,"C-koper","Handmatig beoordelen"))))),IF($A3="Bitumen",IF(OR($B3="Dakopbouw",$B3="Groendak",$B3="Opstanden",$B3="Kimmen",$B3="Aansluitdetails",$B3="Dakdetails"),"Bijzonder bitumen",IF($G3="","Handmatig beoordelen",IF($G3>=4,"A-bitumen",IF($G3>=3,"B-bitumen",IF($G3>0,"C-bitumen","Handmatig beoordelen"))))),"Handmatig beoordelen"))))))) -> Totaal | M3: =SUM(M4:M12) -> 378 | N3: =SUM(N4:N12) -> 114.75 | O3: =SUM(O4:O12) -> 256.5 | P3: =IF(Q3="hergebruik",M3-N3,IF(Q3="recycling",O3-N3,"")) -> 263.25 | Q3: =IF(OR($M3="",$M3=0),"Geen beoordeling",IF(AND($N3=0,$O3=0),"Geen beoordeling",IF($N3<$O3,"Hergebruik",IF($O3<$N3,"Recycling","Hergebruik en recycling gelijk")))) -> Hergebruik | R3: =IFERROR(Tabel26[[#This Row],[BIM-volume m³]]*Tabel26[[#This Row],[PRR]],0) -> 0.7965 | S3: =IFERROR(VLOOKUP(Tabel26[[#This Row],[Klasse]],Hout!$A$11:$D$14,4,FALSE),0) -> 0 | T3: =R3*S3 -> 0 | U3: =IF(OR($L3="Handmatig beoordelen",$L3="",$L3="Totaal",$I3=""),"Handmatig",IF($I3>=70%,"Ja","Nee")) -> Handmatig | V3: =IF(OR($L3="Handmatig beoordelen",$L3="",$L3="Totaal"),"Handmatig",IF($P3>0,"Ja","Nee")) -> Handmatig | W3: =IF(OR($L3="Handmatig beoordelen",$L3="",$L3="Totaal"),"Handmatig",IF($T3>0,"Ja","Nee")) -> Handmatig | X3: =IF(OR($U3="Handmatig",$V3="Handmatig",$W3="Handmatig"),"Handmatig beoordelen",IF(COUNTIF($U3:$W3,"Ja")>=2,"Interessant",IF(COUNTIF($U3:$W3,"Ja")=1,"Eigen beoordeling","Niet interessant"))) -> Handmatig beoordelen
A4: Hout | B4: Plafonds | C4: ='Hout-data'!B3 -> 0 | D4: 2 | E4: 20 | F4: 1 | G4: 3 | H4: 2 | I4: =IFERROR(ROUND(AVERAGE(Tabel26[[#This Row],[Demonteerbaarheid]],Tabel26[[#This Row],[Materiaalconditie ]],Tabel26[[#This Row],[Marktpotentie ]])/5,2),0) -> 0.4 | J4: =IF(I4="","Handmatig beoordelen",IF(I4>=0.8,"Hergebruik",IF(I4>=0.55,"Hergebruik > recycling",IF(I4>=0.3,"Recycling","Handmatig beoordelen")))) -> Recycling | K4: =IF(Tabel26[[#This Row],[Routeadvies]]="Hergebruik",">= 0,8",IF(Tabel26[[#This Row],[Routeadvies]]="Hergebruik > recycling",">= 0,55 en < 0,8",IF(Tabel26[[#This Row],[Routeadvies]]="Recycling",">= 0,3 en < 0,55",IF(Tabel26[[#This Row],[Routeadvies]]="Handmatig beoordelen","< 0,3 of geen score","")))) -> >= 0,3 en < 0,55 | L4: =IF($B4="Totaal","Totaal",IF($A4="Hout",IF(OR($B4="Trappen",$B4="Ramen",$B4="Deuren",$B4="Kozijnen",$B4="Dakkapellen",$B4="Dakconstructie"),"Bijzonder hout",IF($G4="","Handmatig beoordelen",IF($G4>=4,"A-hout",IF($G4>=3,"B-hout",IF($G4>0,"C-hout","Handmatig beoordelen"))))),IF($A4="Staal",IF(OR($B4="Kolommen",$B4="Balken",$B4="Liggers",$B4="Buisstaalconstructies",$B4="Kozijnen",$B4="Trappen",$B4="Hekwerken",$B4="Leuningen"),"Bijzonder staal",IF($G4="","Handmatig beoordelen",IF($G4>=4,"A-staal",IF($G4>=2,"B-staal",IF($G4>0,"C-staal","Handmatig beoordelen"))))),IF($A4="Beton",IF(OR($B4="Funderingen",$B4="Heipalen",$B4="Prefab elementen",$B4="Kanaalplaatvloeren",$B4="Breedplaatvloeren",$B4="Trappen",$B4="Gevelpanelen"),"Bijzonder beton",IF($G4="","Handmatig beoordelen",IF($G4>=4,"A-beton",IF($G4>=3,"B-beton",IF($G4>0,"C-beton","Handmatig beoordelen"))))),IF(OR($A4="Aluminium",$A4="Alumiunium"),IF(OR($B4="Ramen",$B4="Deuren",$B4="Kozijnen",$B4="Vliesgevels",$B4="Gevelsystemen",$B4="Zonwering",$B4="Trappen"),"Bijzonder aluminium",IF($G4="","Handmatig beoordelen",IF($G4>=4,"A-aluminium",IF($G4>=3,"B-aluminium",IF($G4>0,"C-aluminium","Handmatig beoordelen"))))),IF($A4="Koper",IF(OR($B4="Installaties",$B4="Technische ruimte",$B4="Verdeelkast",$B4="Meterkast",$B4="Bliksemafleiding",$B4="Leidingnetten"),"Bijzonder koper",IF($G4="","Handmatig beoordelen",IF($G4>=4,"A-koper",IF($G4>=3,"B-koper",IF($G4>0,"C-koper","Handmatig beoordelen"))))),IF($A4="Bitumen",IF(OR($B4="Dakopbouw",$B4="Groendak",$B4="Opstanden",$B4="Kimmen",$B4="Aansluitdetails",$B4="Dakdetails"),"Bijzonder bitumen",IF($G4="","Handmatig beoordelen",IF($G4>=4,"A-bitumen",IF($G4>=3,"B-bitumen",IF($G4>0,"C-bitumen","Handmatig beoordelen"))))),"Handmatig beoordelen"))))))) -> B-hout | M4: =IFERROR(Tabel26[[#This Row],[BIM-volume m³]]*INDEX(Tabel113[CO2-nieuw (kg)],1)+Tabel26[[#This Row],[BIM-volume m³]]*INDEX(Tabel113[Transport-impact ],1)*IF(Tabel26[[#This Row],[Transportafstand (km)]]="",0,Tabel26[[#This Row],[Transportafstand (km)]]),0) -> 0 | N4: =IF(Tabel26[[#This Row],[Klasse]]="Totaal",SUM(M5:M12),IFERROR(Tabel26[[#This Row],[BIM-volume m³]]*INDEX(Tabel113[CO2-Hergebruik (kg)],1)+Tabel26[[#This Row],[BIM-volume m³]]*INDEX(Tabel113[Transport-impact ],1)*IF(Tabel26[[#This Row],[Transportafstand (km)]]="",0,Tabel26[[#This Row],[Transportafstand (km)]]),0)) -> 0 | O4: =IFERROR(Tabel26[[#This Row],[BIM-volume m³]]*INDEX(Tabel113[CO2- recycle (kg)],1)+Tabel26[[#This Row],[BIM-volume m³]]*Tabel26[[#This Row],[Transport Impact]]*IF(Tabel26[[#This Row],[Transportafstand (km)]]="",0,Tabel26[[#This Row],[Transportafstand (km)]]),0) -> 0 | P4: =IF($B11="Totaal",SUM($O$10),IFERROR(MAX(0,$M4-MIN($N4,$O4)),0)) -> 0 | Q4: =IF(OR($M4="",$M4=0),"Geen beoordeling",IF(AND($N4=0,$O4=0),"Geen beoordeling",IF($N4<$O4,"Hergebruik",IF($O4<$N4,"Recycling","Hergebruik en recycling gelijk")))) -> Geen beoordeling | R4: =IFERROR(Tabel26[[#This Row],[BIM-volume m³]]*Tabel26[[#This Row],[PRR]],0) -> 0 | S4: =IFERROR(VLOOKUP(Tabel26[[#This Row],[Klasse]],Hout!$A$11:$D$14,4,FALSE),0) -> 150 | T4: =R4*S4 -> 0 | U4: =IF(OR($L4="Handmatig beoordelen",$L4="",$L4="Totaal",$I4=""),"Handmatig",IF($I4>=70%,"Ja","Nee")) -> Nee | V4: =IF(OR($L4="Handmatig beoordelen",$L4="",$L4="Totaal"),"Handmatig",IF($P4>0,"Ja","Nee")) -> Nee | W4: =IF(OR($L4="Handmatig beoordelen",$L4="",$L4="Totaal"),"Handmatig",IF($T4>0,"Ja","Nee")) -> Nee | X4: =IF(OR($U4="Handmatig",$V4="Handmatig",$W4="Handmatig"),"Handmatig beoordelen",IF(COUNTIF($U4:$W4,"Ja")>=2,"Interessant",IF(COUNTIF($U4:$W4,"Ja")=1,"Eigen beoordeling","Niet interessant"))) -> Niet interessant
A5: Hout | B5: Kolommen | C5: ='Hout-data'!B4 -> 0 | D5: 2 | E5: 20 | F5: 1 | G5: 3 | H5: 3 | I5: =IFERROR(ROUND(AVERAGE(Tabel26[[#This Row],[Demonteerbaarheid]],Tabel26[[#This Row],[Materiaalconditie ]],Tabel26[[#This Row],[Marktpotentie ]])/5,2),0) -> 0.47 | J5: =IF(I5="","Handmatig beoordelen",IF(I5>=0.8,"Hergebruik",IF(I5>=0.55,"Hergebruik > recycling",IF(I5>=0.3,"Recycling","Handmatig beoordelen")))) -> Recycling | K5: =IF(Tabel26[[#This Row],[Routeadvies]]="Hergebruik",">= 0,8",IF(Tabel26[[#This Row],[Routeadvies]]="Hergebruik > recycling",">= 0,55 en < 0,8",IF(Tabel26[[#This Row],[Routeadvies]]="Recycling",">= 0,3 en < 0,55",IF(Tabel26[[#This Row],[Routeadvies]]="Handmatig beoordelen","< 0,3 of geen score","")))) -> >= 0,3 en < 0,55 | L5: =IF($B5="Totaal","Totaal",IF($A5="Hout",IF(OR($B5="Trappen",$B5="Ramen",$B5="Deuren",$B5="Kozijnen",$B5="Dakkapellen",$B5="Dakconstructie"),"Bijzonder hout",IF($G5="","Handmatig beoordelen",IF($G5>=4,"A-hout",IF($G5>=3,"B-hout",IF($G5>0,"C-hout","Handmatig beoordelen"))))),IF($A5="Staal",IF(OR($B5="Kolommen",$B5="Balken",$B5="Liggers",$B5="Buisstaalconstructies",$B5="Kozijnen",$B5="Trappen",$B5="Hekwerken",$B5="Leuningen"),"Bijzonder staal",IF($G5="","Handmatig beoordelen",IF($G5>=4,"A-staal",IF($G5>=2,"B-staal",IF($G5>0,"C-staal","Handmatig beoordelen"))))),IF($A5="Beton",IF(OR($B5="Funderingen",$B5="Heipalen",$B5="Prefab elementen",$B5="Kanaalplaatvloeren",$B5="Breedplaatvloeren",$B5="Trappen",$B5="Gevelpanelen"),"Bijzonder beton",IF($G5="","Handmatig beoordelen",IF($G5>=4,"A-beton",IF($G5>=3,"B-beton",IF($G5>0,"C-beton","Handmatig beoordelen"))))),IF(OR($A5="Aluminium",$A5="Alumiunium"),IF(OR($B5="Ramen",$B5="Deuren",$B5="Kozijnen",$B5="Vliesgevels",$B5="Gevelsystemen",$B5="Zonwering",$B5="Trappen"),"Bijzonder aluminium",IF($G5="","Handmatig beoordelen",IF($G5>=4,"A-aluminium",IF($G5>=3,"B-aluminium",IF($G5>0,"C-aluminium","Handmatig beoordelen"))))),IF($A5="Koper",IF(OR($B5="Installaties",$B5="Technische ruimte",$B5="Verdeelkast",$B5="Meterkast",$B5="Bliksemafleiding",$B5="Leidingnetten"),"Bijzonder koper",IF($G5="","Handmatig beoordelen",IF($G5>=4,"A-koper",IF($G5>=3,"B-koper",IF($G5>0,"C-koper","Handmatig beoordelen"))))),IF($A5="Bitumen",IF(OR($B5="Dakopbouw",$B5="Groendak",$B5="Opstanden",$B5="Kimmen",$B5="Aansluitdetails",$B5="Dakdetails"),"Bijzonder bitumen",IF($G5="","Handmatig beoordelen",IF($G5>=4,"A-bitumen",IF($G5>=3,"B-bitumen",IF($G5>0,"C-bitumen","Handmatig beoordelen"))))),"Handmatig beoordelen"))))))) -> B-hout | M5: =IFERROR(Tabel26[[#This Row],[BIM-volume m³]]*INDEX(Tabel113[CO2-nieuw (kg)],1)+Tabel26[[#This Row],[BIM-volume m³]]*INDEX(Tabel113[Transport-impact ],1)*IF(Tabel26[[#This Row],[Transportafstand (km)]]="",0,Tabel26[[#This Row],[Transportafstand (km)]]),0) -> 0 | N5: =IF(Tabel26[[#This Row],[Klasse]]="Totaal",SUM(M6:M14),IFERROR(Tabel26[[#This Row],[BIM-volume m³]]*INDEX(Tabel113[CO2-Hergebruik (kg)],1)+Tabel26[[#This Row],[BIM-volume m³]]*INDEX(Tabel113[Transport-impact ],1)*IF(Tabel26[[#This Row],[Transportafstand (km)]]="",0,Tabel26[[#This Row],[Transportafstand (km)]]),0)) -> 0 | O5: =IFERROR(Tabel26[[#This Row],[BIM-volume m³]]*INDEX(Tabel113[CO2- recycle (kg)],1)+Tabel26[[#This Row],[BIM-volume m³]]*Tabel26[[#This Row],[Transport Impact]]*IF(Tabel26[[#This Row],[Transportafstand (km)]]="",0,Tabel26[[#This Row],[Transportafstand (km)]]),0) -> 0 | P5: =IF($B12="Totaal",SUM($O$10),IFERROR(MAX(0,$M5-MIN($N5,$O5)),0)) -> 0 | Q5: =IF(OR($M5="",$M5=0),"Geen beoordeling",IF(AND($N5=0,$O5=0),"Geen beoordeling",IF($N5<$O5,"Hergebruik",IF($O5<$N5,"Recycling","Hergebruik en recycling gelijk")))) -> Geen beoordeling | R5: =IFERROR(Tabel26[[#This Row],[BIM-volume m³]]*Tabel26[[#This Row],[PRR]],0) -> 0 | S5: =IFERROR(VLOOKUP(Tabel26[[#This Row],[Klasse]],Hout!$A$11:$D$14,4,FALSE),0) -> 150 | T5: =R5*S5 -> 0 | U5: =IF(OR($L5="Handmatig beoordelen",$L5="",$L5="Totaal",$I5=""),"Handmatig",IF($I5>=70%,"Ja","Nee")) -> Nee | V5: =IF(OR($L5="Handmatig beoordelen",$L5="",$L5="Totaal"),"Handmatig",IF($P5>0,"Ja","Nee")) -> Nee | W5: =IF(OR($L5="Handmatig beoordelen",$L5="",$L5="Totaal"),"Handmatig",IF($T5>0,"Ja","Nee")) -> Nee | X5: =IF(OR($U5="Handmatig",$V5="Handmatig",$W5="Handmatig"),"Handmatig beoordelen",IF(COUNTIF($U5:$W5,"Ja")>=2,"Interessant",IF(COUNTIF($U5:$W5,"Ja")=1,"Eigen beoordeling","Niet interessant"))) -> Niet interessant
A6: Hout | B6: Gevelpanelen | C6: ='Hout-data'!B5 -> 0 | D6: 2 | E6: 20 | F6: 5 | G6: 4 | H6: 2 | I6: =IFERROR(ROUND(AVERAGE(Tabel26[[#This Row],[Demonteerbaarheid]],Tabel26[[#This Row],[Materiaalconditie ]],Tabel26[[#This Row],[Marktpotentie ]])/5,2),0) -> 0.73 | J6: =IF(I6="","Handmatig beoordelen",IF(I6>=0.8,"Hergebruik",IF(I6>=0.55,"Hergebruik > recycling",IF(I6>=0.3,"Recycling","Handmatig beoordelen")))) -> Hergebruik > recycling | K6: =IF(Tabel26[[#This Row],[Routeadvies]]="Hergebruik",">= 0,8",IF(Tabel26[[#This Row],[Routeadvies]]="Hergebruik > recycling",">= 0,55 en < 0,8",IF(Tabel26[[#This Row],[Routeadvies]]="Recycling",">= 0,3 en < 0,55",IF(Tabel26[[#This Row],[Routeadvies]]="Handmatig beoordelen","< 0,3 of geen score","")))) -> >= 0,55 en < 0,8 | L6: =IF($B6="Totaal","Totaal",IF($A6="Hout",IF(OR($B6="Trappen",$B6="Ramen",$B6="Deuren",$B6="Kozijnen",$B6="Dakkapellen",$B6="Dakconstructie"),"Bijzonder hout",IF($G6="","Handmatig beoordelen",IF($G6>=4,"A-hout",IF($G6>=3,"B-hout",IF($G6>0,"C-hout","Handmatig beoordelen"))))),IF($A6="Staal",IF(OR($B6="Kolommen",$B6="Balken",$B6="Liggers",$B6="Buisstaalconstructies",$B6="Kozijnen",$B6="Trappen",$B6="Hekwerken",$B6="Leuningen"),"Bijzonder staal",IF($G6="","Handmatig beoordelen",IF($G6>=4,"A-staal",IF($G6>=2,"B-staal",IF($G6>0,"C-staal","Handmatig beoordelen"))))),IF($A6="Beton",IF(OR($B6="Funderingen",$B6="Heipalen",$B6="Prefab elementen",$B6="Kanaalplaatvloeren",$B6="Breedplaatvloeren",$B6="Trappen",$B6="Gevelpanelen"),"Bijzonder beton",IF($G6="","Handmatig beoordelen",IF($G6>=4,"A-beton",IF($G6>=3,"B-beton",IF($G6>0,"C-beton","Handmatig beoordelen"))))),IF(OR($A6="Aluminium",$A6="Alumiunium"),IF(OR($B6="Ramen",$B6="Deuren",$B6="Kozijnen",$B6="Vliesgevels",$B6="Gevelsystemen",$B6="Zonwering",$B6="Trappen"),"Bijzonder aluminium",IF($G6="","Handmatig beoordelen",IF($G6>=4,"A-aluminium",IF($G6>=3,"B-aluminium",IF($G6>0,"C-aluminium","Handmatig beoordelen"))))),IF($A6="Koper",IF(OR($B6="Installaties",$B6="Technische ruimte",$B6="Verdeelkast",$B6="Meterkast",$B6="Bliksemafleiding",$B6="Leidingnetten"),"Bijzonder koper",IF($G6="","Handmatig beoordelen",IF($G6>=4,"A-koper",IF($G6>=3,"B-koper",IF($G6>0,"C-koper","Handmatig beoordelen"))))),IF($A6="Bitumen",IF(OR($B6="Dakopbouw",$B6="Groendak",$B6="Opstanden",$B6="Kimmen",$B6="Aansluitdetails",$B6="Dakdetails"),"Bijzonder bitumen",IF($G6="","Handmatig beoordelen",IF($G6>=4,"A-bitumen",IF($G6>=3,"B-bitumen",IF($G6>0,"C-bitumen","Handmatig beoordelen"))))),"Handmatig beoordelen"))))))) -> A-hout | M6: =IFERROR(Tabel26[[#This Row],[BIM-volume m³]]*INDEX(Tabel113[CO2-nieuw (kg)],1)+Tabel26[[#This Row],[BIM-volume m³]]*INDEX(Tabel113[Transport-impact ],1)*IF(Tabel26[[#This Row],[Transportafstand (km)]]="",0,Tabel26[[#This Row],[Transportafstand (km)]]),0) -> 0 | N6: =IF(Tabel26[[#This Row],[Klasse]]="Totaal",SUM(M7:M15),IFERROR(Tabel26[[#This Row],[BIM-volume m³]]*INDEX(Tabel113[CO2-Hergebruik (kg)],1)+Tabel26[[#This Row],[BIM-volume m³]]*INDEX(Tabel113[Transport-impact ],1)*IF(Tabel26[[#This Row],[Transportafstand (km)]]="",0,Tabel26[[#This Row],[Transportafstand (km)]]),0)) -> 0 | O6: =IFERROR(Tabel26[[#This Row],[BIM-volume m³]]*INDEX(Tabel113[CO2- recycle (kg)],1)+Tabel26[[#This Row],[BIM-volume m³]]*Tabel26[[#This Row],[Transport Impact]]*IF(Tabel26[[#This Row],[Transportafstand (km)]]="",0,Tabel26[[#This Row],[Transportafstand (km)]]),0) -> 0 | P6: =IF($B13="Totaal",SUM($O$10),IFERROR(MAX(0,$M6-MIN($N6,$O6)),0)) -> 0 | Q6: =IF(OR($M6="",$M6=0),"Geen beoordeling",IF(AND($N6=0,$O6=0),"Geen beoordeling",IF($N6<$O6,"Hergebruik",IF($O6<$N6,"Recycling","Hergebruik en recycling gelijk")))) -> Geen beoordeling | R6: =IFERROR(Tabel26[[#This Row],[BIM-volume m³]]*Tabel26[[#This Row],[PRR]],0) -> 0 | S6: =IFERROR(VLOOKUP(Tabel26[[#This Row],[Klasse]],Hout!$A$11:$D$14,4,FALSE),0) -> 243.75 | T6: =R6*S6 -> 0 | U6: =IF(OR($L6="Handmatig beoordelen",$L6="",$L6="Totaal",$I6=""),"Handmatig",IF($I6>=70%,"Ja","Nee")) -> Ja | V6: =IF(OR($L6="Handmatig beoordelen",$L6="",$L6="Totaal"),"Handmatig",IF($P6>0,"Ja","Nee")) -> Nee | W6: =IF(OR($L6="Handmatig beoordelen",$L6="",$L6="Totaal"),"Handmatig",IF($T6>0,"Ja","Nee")) -> Nee | X6: =IF(OR($U6="Handmatig",$V6="Handmatig",$W6="Handmatig"),"Handmatig beoordelen",IF(COUNTIF($U6:$W6,"Ja")>=2,"Interessant",IF(COUNTIF($U6:$W6,"Ja")=1,"Eigen beoordeling","Niet interessant"))) -> Eigen beoordeling
A7: Hout | B7: Deuren | C7: ='Hout-data'!B6 -> 0 | D7: 2 | E7: 20 | F7: 5 | G7: 3 | H7: 3 | I7: =IFERROR(ROUND(AVERAGE(Tabel26[[#This Row],[Demonteerbaarheid]],Tabel26[[#This Row],[Materiaalconditie ]],Tabel26[[#This Row],[Marktpotentie ]])/5,2),0) -> 0.73 | J7: =IF(I7="","Handmatig beoordelen",IF(I7>=0.8,"Hergebruik",IF(I7>=0.55,"Hergebruik > recycling",IF(I7>=0.3,"Recycling","Handmatig beoordelen")))) -> Hergebruik > recycling | K7: =IF(Tabel26[[#This Row],[Routeadvies]]="Hergebruik",">= 0,8",IF(Tabel26[[#This Row],[Routeadvies]]="Hergebruik > recycling",">= 0,55 en < 0,8",IF(Tabel26[[#This Row],[Routeadvies]]="Recycling",">= 0,3 en < 0,55",IF(Tabel26[[#This Row],[Routeadvies]]="Handmatig beoordelen","< 0,3 of geen score","")))) -> >= 0,55 en < 0,8 | L7: =IF($B7="Totaal","Totaal",IF($A7="Hout",IF(OR($B7="Trappen",$B7="Ramen",$B7="Deuren",$B7="Kozijnen",$B7="Dakkapellen",$B7="Dakconstructie"),"Bijzonder hout",IF($G7="","Handmatig beoordelen",IF($G7>=4,"A-hout",IF($G7>=3,"B-hout",IF($G7>0,"C-hout","Handmatig beoordelen"))))),IF($A7="Staal",IF(OR($B7="Kolommen",$B7="Balken",$B7="Liggers",$B7="Buisstaalconstructies",$B7="Kozijnen",$B7="Trappen",$B7="Hekwerken",$B7="Leuningen"),"Bijzonder staal",IF($G7="","Handmatig beoordelen",IF($G7>=4,"A-staal",IF($G7>=2,"B-staal",IF($G7>0,"C-staal","Handmatig beoordelen"))))),IF($A7="Beton",IF(OR($B7="Funderingen",$B7="Heipalen",$B7="Prefab elementen",$B7="Kanaalplaatvloeren",$B7="Breedplaatvloeren",$B7="Trappen",$B7="Gevelpanelen"),"Bijzonder beton",IF($G7="","Handmatig beoordelen",IF($G7>=4,"A-beton",IF($G7>=3,"B-beton",IF($G7>0,"C-beton","Handmatig beoordelen"))))),IF(OR($A7="Aluminium",$A7="Alumiunium"),IF(OR($B7="Ramen",$B7="Deuren",$B7="Kozijnen",$B7="Vliesgevels",$B7="Gevelsystemen",$B7="Zonwering",$B7="Trappen"),"Bijzonder aluminium",IF($G7="","Handmatig beoordelen",IF($G7>=4,"A-aluminium",IF($G7>=3,"B-aluminium",IF($G7>0,"C-aluminium","Handmatig beoordelen"))))),IF($A7="Koper",IF(OR($B7="Installaties",$B7="Technische ruimte",$B7="Verdeelkast",$B7="Meterkast",$B7="Bliksemafleiding",$B7="Leidingnetten"),"Bijzonder koper",IF($G7="","Handmatig beoordelen",IF($G7>=4,"A-koper",IF($G7>=3,"B-koper",IF($G7>0,"C-koper","Handmatig beoordelen"))))),IF($A7="Bitumen",IF(OR($B7="Dakopbouw",$B7="Groendak",$B7="Opstanden",$B7="Kimmen",$B7="Aansluitdetails",$B7="Dakdetails"),"Bijzonder bitumen",IF($G7="","Handmatig beoordelen",IF($G7>=4,"A-bitumen",IF($G7>=3,"B-bitumen",IF($G7>0,"C-bitumen","Handmatig beoordelen"))))),"Handmatig beoordelen"))))))) -> Bijzonder hout | M7: =IFERROR(Tabel26[[#This Row],[BIM-volume m³]]*INDEX(Tabel113[CO2-nieuw (kg)],1)+Tabel26[[#This Row],[BIM-volume m³]]*INDEX(Tabel113[Transport-impact ],1)*IF(Tabel26[[#This Row],[Transportafstand (km)]]="",0,Tabel26[[#This Row],[Transportafstand (km)]]),0) -> 0 | N7: =IF(Tabel26[[#This Row],[Klasse]]="Totaal",SUM(M8:M16),IFERROR(Tabel26[[#This Row],[BIM-volume m³]]*INDEX(Tabel113[CO2-Hergebruik (kg)],1)+Tabel26[[#This Row],[BIM-volume m³]]*INDEX(Tabel113[Transport-impact ],1)*IF(Tabel26[[#This Row],[Transportafstand (km)]]="",0,Tabel26[[#This Row],[Transportafstand (km)]]),0)) -> 0 | O7: =IFERROR(Tabel26[[#This Row],[BIM-volume m³]]*INDEX(Tabel113[CO2- recycle (kg)],1)+Tabel26[[#This Row],[BIM-volume m³]]*Tabel26[[#This Row],[Transport Impact]]*IF(Tabel26[[#This Row],[Transportafstand (km)]]="",0,Tabel26[[#This Row],[Transportafstand (km)]]),0) -> 0 | P7: =IF($B14="Totaal",SUM($O$10),IFERROR(MAX(0,$M7-MIN($N7,$O7)),0)) -> 0 | Q7: =IF(OR($M7="",$M7=0),"Geen beoordeling",IF(AND($N7=0,$O7=0),"Geen beoordeling",IF($N7<$O7,"Hergebruik",IF($O7<$N7,"Recycling","Hergebruik en recycling gelijk")))) -> Geen beoordeling | R7: =IFERROR(Tabel26[[#This Row],[BIM-volume m³]]*Tabel26[[#This Row],[PRR]],0) -> 0 | S7: =IFERROR(VLOOKUP(Tabel26[[#This Row],[Klasse]],Hout!$A$11:$D$14,4,FALSE),0) -> 900 | T7: =R7*S7 -> 0 | U7: =IF(OR($L7="Handmatig beoordelen",$L7="",$L7="Totaal",$I7=""),"Handmatig",IF($I7>=70%,"Ja","Nee")) -> Ja | V7: =IF(OR($L7="Handmatig beoordelen",$L7="",$L7="Totaal"),"Handmatig",IF($P7>0,"Ja","Nee")) -> Nee | W7: =IF(OR($L7="Handmatig beoordelen",$L7="",$L7="Totaal"),"Handmatig",IF($T7>0,"Ja","Nee")) -> Nee | X7: =IF(OR($U7="Handmatig",$V7="Handmatig",$W7="Handmatig"),"Handmatig beoordelen",IF(COUNTIF($U7:$W7,"Ja")>=2,"Interessant",IF(COUNTIF($U7:$W7,"Ja")=1,"Eigen beoordeling","Niet interessant"))) -> Eigen beoordeling
A8: Hout | B8: Vloeren | C8: ='Hout-data'!B7 -> 0.17 | D8: 2 | E8: 20 | F8: 1 | G8: 3 | H8: 2 | I8: =IFERROR(ROUND(AVERAGE(Tabel26[[#This Row],[Demonteerbaarheid]],Tabel26[[#This Row],[Materiaalconditie ]],Tabel26[[#This Row],[Marktpotentie ]])/5,2),0) -> 0.4 | J8: =IF(I8="","Handmatig beoordelen",IF(I8>=0.8,"Hergebruik",IF(I8>=0.55,"Hergebruik > recycling",IF(I8>=0.3,"Recycling","Handmatig beoordelen")))) -> Recycling | K8: =IF(Tabel26[[#This Row],[Routeadvies]]="Hergebruik",">= 0,8",IF(Tabel26[[#This Row],[Routeadvies]]="Hergebruik > recycling",">= 0,55 en < 0,8",IF(Tabel26[[#This Row],[Routeadvies]]="Recycling",">= 0,3 en < 0,55",IF(Tabel26[[#This Row],[Routeadvies]]="Handmatig beoordelen","< 0,3 of geen score","")))) -> >= 0,3 en < 0,55 | L8: =IF($B8="Totaal","Totaal",IF($A8="Hout",IF(OR($B8="Trappen",$B8="Ramen",$B8="Deuren",$B8="Kozijnen",$B8="Dakkapellen",$B8="Dakconstructie"),"Bijzonder hout",IF($G8="","Handmatig beoordelen",IF($G8>=4,"A-hout",IF($G8>=3,"B-hout",IF($G8>0,"C-hout","Handmatig beoordelen"))))),IF($A8="Staal",IF(OR($B8="Kolommen",$B8="Balken",$B8="Liggers",$B8="Buisstaalconstructies",$B8="Kozijnen",$B8="Trappen",$B8="Hekwerken",$B8="Leuningen"),"Bijzonder staal",IF($G8="","Handmatig beoordelen",IF($G8>=4,"A-staal",IF($G8>=2,"B-staal",IF($G8>0,"C-staal","Handmatig beoordelen"))))),IF($A8="Beton",IF(OR($B8="Funderingen",$B8="Heipalen",$B8="Prefab elementen",$B8="Kanaalplaatvloeren",$B8="Breedplaatvloeren",$B8="Trappen",$B8="Gevelpanelen"),"Bijzonder beton",IF($G8="","Handmatig beoordelen",IF($G8>=4,"A-beton",IF($G8>=3,"B-beton",IF($G8>0,"C-beton","Handmatig beoordelen"))))),IF(OR($A8="Aluminium",$A8="Alumiunium"),IF(OR($B8="Ramen",$B8="Deuren",$B8="Kozijnen",$B8="Vliesgevels",$B8="Gevelsystemen",$B8="Zonwering",$B8="Trappen"),"Bijzonder aluminium",IF($G8="","Handmatig beoordelen",IF($G8>=4,"A-aluminium",IF($G8>=3,"B-aluminium",IF($G8>0,"C-aluminium","Handmatig beoordelen"))))),IF($A8="Koper",IF(OR($B8="Installaties",$B8="Technische ruimte",$B8="Verdeelkast",$B8="Meterkast",$B8="Bliksemafleiding",$B8="Leidingnetten"),"Bijzonder koper",IF($G8="","Handmatig beoordelen",IF($G8>=4,"A-koper",IF($G8>=3,"B-koper",IF($G8>0,"C-koper","Handmatig beoordelen"))))),IF($A8="Bitumen",IF(OR($B8="Dakopbouw",$B8="Groendak",$B8="Opstanden",$B8="Kimmen",$B8="Aansluitdetails",$B8="Dakdetails"),"Bijzonder bitumen",IF($G8="","Handmatig beoordelen",IF($G8>=4,"A-bitumen",IF($G8>=3,"B-bitumen",IF($G8>0,"C-bitumen","Handmatig beoordelen"))))),"Handmatig beoordelen"))))))) -> B-hout | M8: =IFERROR(Tabel26[[#This Row],[BIM-volume m³]]*INDEX(Tabel113[CO2-nieuw (kg)],1)+Tabel26[[#This Row],[BIM-volume m³]]*Tabel26[[#This Row],[Transport Impact]]*IF(Tabel26[[#This Row],[Transportafstand (km)]]="",0,Tabel26[[#This Row],[Transportafstand (km)]]),0) -> 47.6 | N8: =IF(Tabel26[[#This Row],[Klasse]]="Totaal",SUM(M9:M17),IFERROR(Tabel26[[#This Row],[BIM-volume m³]]*INDEX(Tabel113[CO2-Hergebruik (kg)],1)+Tabel26[[#This Row],[BIM-volume m³]]*INDEX(Tabel113[Transport-impact ],1)*IF(Tabel26[[#This Row],[Transportafstand (km)]]="",0,Tabel26[[#This Row],[Transportafstand (km)]]),0)) -> 14.45 | O8: =IFERROR(Tabel26[[#This Row],[BIM-volume m³]]*INDEX(Tabel113[CO2- recycle (kg)],1)+Tabel26[[#This Row],[BIM-volume m³]]*Tabel26[[#This Row],[Transport Impact]]*IF(Tabel26[[#This Row],[Transportafstand (km)]]="",0,Tabel26[[#This Row],[Transportafstand (km)]]),0) -> 32.3 | P8: =IF(Q8="hergebruik",M8-N8,IF(Q8="recycling",O8-N8,"")) -> 33.15 | Q8: =IF(OR($M8="",$M8=0),"Geen beoordeling",IF(AND($N8=0,$O8=0),"Geen beoordeling",IF($N8<$O8,"Hergebruik",IF($O8<$N8,"Recycling","Hergebruik en recycling gelijk")))) -> Hergebruik | R8: =IFERROR(Tabel26[[#This Row],[BIM-volume m³]]*Tabel26[[#This Row],[PRR]],0) -> 0.068 | S8: =IFERROR(VLOOKUP(Tabel26[[#This Row],[Klasse]],Hout!$A$11:$D$14,4,FALSE),0) -> 150 | T8: =R8*S8 -> 10.2 | U8: =IF(OR($L8="Handmatig beoordelen",$L8="",$L8="Totaal",$I8=""),"Handmatig",IF($I8>=70%,"Ja","Nee")) -> Nee | V8: =IF(OR($L8="Handmatig beoordelen",$L8="",$L8="Totaal"),"Handmatig",IF($P8>0,"Ja","Nee")) -> Ja | W8: =IF(OR($L8="Handmatig beoordelen",$L8="",$L8="Totaal"),"Handmatig",IF($T8>0,"Ja","Nee")) -> Ja | X8: =IF(OR($U8="Handmatig",$V8="Handmatig",$W8="Handmatig"),"Handmatig beoordelen",IF(COUNTIF($U8:$W8,"Ja")>=2,"Interessant",IF(COUNTIF($U8:$W8,"Ja")=1,"Eigen beoordeling","Niet interessant"))) -> Interessant
A9: Hout | B9: Daken | C9: ='Hout-data'!B8 -> 0 | D9: 2 | E9: 20 | F9: 5 | G9: 3 | H9: 2 | I9: =IFERROR(ROUND(AVERAGE(Tabel26[[#This Row],[Demonteerbaarheid]],Tabel26[[#This Row],[Materiaalconditie ]],Tabel26[[#This Row],[Marktpotentie ]])/5,2),0) -> 0.67 | J9: =IF(I9="","Handmatig beoordelen",IF(I9>=0.8,"Hergebruik",IF(I9>=0.55,"Hergebruik > recycling",IF(I9>=0.3,"Recycling","Handmatig beoordelen")))) -> Hergebruik > recycling | K9: =IF(Tabel26[[#This Row],[Routeadvies]]="Hergebruik",">= 0,8",IF(Tabel26[[#This Row],[Routeadvies]]="Hergebruik > recycling",">= 0,55 en < 0,8",IF(Tabel26[[#This Row],[Routeadvies]]="Recycling",">= 0,3 en < 0,55",IF(Tabel26[[#This Row],[Routeadvies]]="Handmatig beoordelen","< 0,3 of geen score","")))) -> >= 0,55 en < 0,8 | L9: =IF($B9="Totaal","Totaal",IF($A9="Hout",IF(OR($B9="Trappen",$B9="Ramen",$B9="Deuren",$B9="Kozijnen",$B9="Dakkapellen",$B9="Dakconstructie"),"Bijzonder hout",IF($G9="","Handmatig beoordelen",IF($G9>=4,"A-hout",IF($G9>=3,"B-hout",IF($G9>0,"C-hout","Handmatig beoordelen"))))),IF($A9="Staal",IF(OR($B9="Kolommen",$B9="Balken",$B9="Liggers",$B9="Buisstaalconstructies",$B9="Kozijnen",$B9="Trappen",$B9="Hekwerken",$B9="Leuningen"),"Bijzonder staal",IF($G9="","Handmatig beoordelen",IF($G9>=4,"A-staal",IF($G9>=2,"B-staal",IF($G9>0,"C-staal","Handmatig beoordelen"))))),IF($A9="Beton",IF(OR($B9="Funderingen",$B9="Heipalen",$B9="Prefab elementen",$B9="Kanaalplaatvloeren",$B9="Breedplaatvloeren",$B9="Trappen",$B9="Gevelpanelen"),"Bijzonder beton",IF($G9="","Handmatig beoordelen",IF($G9>=4,"A-beton",IF($G9>=3,"B-beton",IF($G9>0,"C-beton","Handmatig beoordelen"))))),IF(OR($A9="Aluminium",$A9="Alumiunium"),IF(OR($B9="Ramen",$B9="Deuren",$B9="Kozijnen",$B9="Vliesgevels",$B9="Gevelsystemen",$B9="Zonwering",$B9="Trappen"),"Bijzonder aluminium",IF($G9="","Handmatig beoordelen",IF($G9>=4,"A-aluminium",IF($G9>=3,"B-aluminium",IF($G9>0,"C-aluminium","Handmatig beoordelen"))))),IF($A9="Koper",IF(OR($B9="Installaties",$B9="Technische ruimte",$B9="Verdeelkast",$B9="Meterkast",$B9="Bliksemafleiding",$B9="Leidingnetten"),"Bijzonder koper",IF($G9="","Handmatig beoordelen",IF($G9>=4,"A-koper",IF($G9>=3,"B-koper",IF($G9>0,"C-koper","Handmatig beoordelen"))))),IF($A9="Bitumen",IF(OR($B9="Dakopbouw",$B9="Groendak",$B9="Opstanden",$B9="Kimmen",$B9="Aansluitdetails",$B9="Dakdetails"),"Bijzonder bitumen",IF($G9="","Handmatig beoordelen",IF($G9>=4,"A-bitumen",IF($G9>=3,"B-bitumen",IF($G9>0,"C-bitumen","Handmatig beoordelen"))))),"Handmatig beoordelen"))))))) -> B-hout | M9: =IFERROR(Tabel26[[#This Row],[BIM-volume m³]]*INDEX(Tabel113[CO2-nieuw (kg)],1)+Tabel26[[#This Row],[BIM-volume m³]]*Tabel26[[#This Row],[Transport Impact]]*IF(Tabel26[[#This Row],[Transportafstand (km)]]="",0,Tabel26[[#This Row],[Transportafstand (km)]]),0) -> 0 | N9: =IF(Tabel26[[#This Row],[Klasse]]="Totaal",SUM(M10:M18),IFERROR(Tabel26[[#This Row],[BIM-volume m³]]*INDEX(Tabel113[CO2-Hergebruik (kg)],1)+Tabel26[[#This Row],[BIM-volume m³]]*INDEX(Tabel113[Transport-impact ],1)*IF(Tabel26[[#This Row],[Transportafstand (km)]]="",0,Tabel26[[#This Row],[Transportafstand (km)]]),0)) -> 0 | O9: =IFERROR(Tabel26[[#This Row],[BIM-volume m³]]*INDEX(Tabel113[CO2- recycle (kg)],1)+Tabel26[[#This Row],[BIM-volume m³]]*Tabel26[[#This Row],[Transport Impact]]*IF(Tabel26[[#This Row],[Transportafstand (km)]]="",0,Tabel26[[#This Row],[Transportafstand (km)]]),0) -> 0 | P9: =IF(Q9="hergebruik",M9-N9,IF(Q9="recycling",O9-N9,"")) | Q9: =IF(OR($M9="",$M9=0),"Geen beoordeling",IF(AND($N9=0,$O9=0),"Geen beoordeling",IF($N9<$O9,"Hergebruik",IF($O9<$N9,"Recycling","Hergebruik en recycling gelijk")))) -> Geen beoordeling | R9: =IFERROR(Tabel26[[#This Row],[BIM-volume m³]]*Tabel26[[#This Row],[PRR]],0) -> 0 | S9: =IFERROR(VLOOKUP(Tabel26[[#This Row],[Klasse]],Hout!$A$11:$D$14,4,FALSE),0) -> 150 | T9: =R9*S9 -> 0 | U9: =IF(OR($L9="Handmatig beoordelen",$L9="",$L9="Totaal",$I9=""),"Handmatig",IF($I9>=70%,"Ja","Nee")) -> Nee | V9: =IF(OR($L9="Handmatig beoordelen",$L9="",$L9="Totaal"),"Handmatig",IF($P9>0,"Ja","Nee")) -> Ja | W9: =IF(OR($L9="Handmatig beoordelen",$L9="",$L9="Totaal"),"Handmatig",IF($T9>0,"Ja","Nee")) -> Nee | X9: =IF(OR($U9="Handmatig",$V9="Handmatig",$W9="Handmatig"),"Handmatig beoordelen",IF(COUNTIF($U9:$W9,"Ja")>=2,"Interessant",IF(COUNTIF($U9:$W9,"Ja")=1,"Eigen beoordeling","Niet interessant"))) -> Eigen beoordeling
A10: Hout | B10: Wanden | C10: ='Hout-data'!B9 -> 1.18 | D10: 2 | E10: 20 | F10: 1 | G10: 3 | H10: 2 | I10: =IFERROR(ROUND(AVERAGE(Tabel26[[#This Row],[Demonteerbaarheid]],Tabel26[[#This Row],[Materiaalconditie ]],Tabel26[[#This Row],[Marktpotentie ]])/5,2),0) -> 0.4 | J10: =IF(I10="","Handmatig beoordelen",IF(I10>=0.8,"Hergebruik",IF(I10>=0.55,"Hergebruik > recycling",IF(I10>=0.3,"Recycling","Handmatig beoordelen")))) -> Recycling | K10: =IF(Tabel26[[#This Row],[Routeadvies]]="Hergebruik",">= 0,8",IF(Tabel26[[#This Row],[Routeadvies]]="Hergebruik > recycling",">= 0,55 en < 0,8",IF(Tabel26[[#This Row],[Routeadvies]]="Recycling",">= 0,3 en < 0,55",IF(Tabel26[[#This Row],[Routeadvies]]="Handmatig beoordelen","< 0,3 of geen score","")))) -> >= 0,3 en < 0,55 | L10: =IF($B10="Totaal","Totaal",IF($A10="Hout",IF(OR($B10="Trappen",$B10="Ramen",$B10="Deuren",$B10="Kozijnen",$B10="Dakkapellen",$B10="Dakconstructie"),"Bijzonder hout",IF($G10="","Handmatig beoordelen",IF($G10>=4,"A-hout",IF($G10>=3,"B-hout",IF($G10>0,"C-hout","Handmatig beoordelen"))))),IF($A10="Staal",IF(OR($B10="Kolommen",$B10="Balken",$B10="Liggers",$B10="Buisstaalconstructies",$B10="Kozijnen",$B10="Trappen",$B10="Hekwerken",$B10="Leuningen"),"Bijzonder staal",IF($G10="","Handmatig beoordelen",IF($G10>=4,"A-staal",IF($G10>=2,"B-staal",IF($G10>0,"C-staal","Handmatig beoordelen"))))),IF($A10="Beton",IF(OR($B10="Funderingen",$B10="Heipalen",$B10="Prefab elementen",$B10="Kanaalplaatvloeren",$B10="Breedplaatvloeren",$B10="Trappen",$B10="Gevelpanelen"),"Bijzonder beton",IF($G10="","Handmatig beoordelen",IF($G10>=4,"A-beton",IF($G10>=3,"B-beton",IF($G10>0,"C-beton","Handmatig beoordelen"))))),IF(OR($A10="Aluminium",$A10="Alumiunium"),IF(OR($B10="Ramen",$B10="Deuren",$B10="Kozijnen",$B10="Vliesgevels",$B10="Gevelsystemen",$B10="Zonwering",$B10="Trappen"),"Bijzonder aluminium",IF($G10="","Handmatig beoordelen",IF($G10>=4,"A-aluminium",IF($G10>=3,"B-aluminium",IF($G10>0,"C-aluminium","Handmatig beoordelen"))))),IF($A10="Koper",IF(OR($B10="Installaties",$B10="Technische ruimte",$B10="Verdeelkast",$B10="Meterkast",$B10="Bliksemafleiding",$B10="Leidingnetten"),"Bijzonder koper",IF($G10="","Handmatig beoordelen",IF($G10>=4,"A-koper",IF($G10>=3,"B-koper",IF($G10>0,"C-koper","Handmatig beoordelen"))))),IF($A10="Bitumen",IF(OR($B10="Dakopbouw",$B10="Groendak",$B10="Opstanden",$B10="Kimmen",$B10="Aansluitdetails",$B10="Dakdetails"),"Bijzonder bitumen",IF($G10="","Handmatig beoordelen",IF($G10>=4,"A-bitumen",IF($G10>=3,"B-bitumen",IF($G10>0,"C-bitumen","Handmatig beoordelen"))))),"Handmatig beoordelen"))))))) -> B-hout | M10: =IFERROR(Tabel26[[#This Row],[BIM-volume m³]]*INDEX(Tabel113[CO2-nieuw (kg)],1)+Tabel26[[#This Row],[BIM-volume m³]]*Tabel26[[#This Row],[Transport Impact]]*IF(Tabel26[[#This Row],[Transportafstand (km)]]="",0,Tabel26[[#This Row],[Transportafstand (km)]]),0) -> 330.4 | N10: =IF(Tabel26[[#This Row],[Klasse]]="Totaal",SUM(M11:M19),IFERROR(Tabel26[[#This Row],[BIM-volume m³]]*INDEX(Tabel113[CO2-Hergebruik (kg)],1)+Tabel26[[#This Row],[BIM-volume m³]]*INDEX(Tabel113[Transport-impact ],1)*IF(Tabel26[[#This Row],[Transportafstand (km)]]="",0,Tabel26[[#This Row],[Transportafstand (km)]]),0)) -> 100.3 | O10: =IFERROR(Tabel26[[#This Row],[BIM-volume m³]]*INDEX(Tabel113[CO2- recycle (kg)],1)+Tabel26[[#This Row],[BIM-volume m³]]*Tabel26[[#This Row],[Transport Impact]]*IF(Tabel26[[#This Row],[Transportafstand (km)]]="",0,Tabel26[[#This Row],[Transportafstand (km)]]),0) -> 224.2 | P10: =IF(Q10="hergebruik",M10-N10,IF(Q10="recycling",O10-N10,"")) -> 230.1 | Q10: =IF(OR($M10="",$M10=0),"Geen beoordeling",IF(AND($N10=0,$O10=0),"Geen beoordeling",IF($N10<$O10,"Hergebruik",IF($O10<$N10,"Recycling","Hergebruik en recycling gelijk")))) -> Hergebruik | R10: =IFERROR(Tabel26[[#This Row],[BIM-volume m³]]*Tabel26[[#This Row],[PRR]],0) -> 0.472 | S10: =IFERROR(VLOOKUP(Tabel26[[#This Row],[Klasse]],Hout!$A$11:$D$14,4,FALSE),0) -> 150 | T10: =R10*S10 -> 70.8 | U10: =IF(OR($L10="Handmatig beoordelen",$L10="",$L10="Totaal",$I10=""),"Handmatig",IF($I10>=70%,"Ja","Nee")) -> Nee | V10: =IF(OR($L10="Handmatig beoordelen",$L10="",$L10="Totaal"),"Handmatig",IF($P10>0,"Ja","Nee")) -> Ja | W10: =IF(OR($L10="Handmatig beoordelen",$L10="",$L10="Totaal"),"Handmatig",IF($T10>0,"Ja","Nee")) -> Ja | X10: =IF(OR($U10="Handmatig",$V10="Handmatig",$W10="Handmatig"),"Handmatig beoordelen",IF(COUNTIF($U10:$W10,"Ja")>=2,"Interessant",IF(COUNTIF($U10:$W10,"Ja")=1,"Eigen beoordeling","Niet interessant"))) -> Interessant
A11: Hout | B11: Ramen | C11: ='Hout-data'!B10 -> 0 | D11: 2 | E11: 20 | F11: 5 | G11: 2 | H11: 1 | I11: =IFERROR(ROUND(AVERAGE(Tabel26[[#This Row],[Demonteerbaarheid]],Tabel26[[#This Row],[Materiaalconditie ]],Tabel26[[#This Row],[Marktpotentie ]])/5,2),0) -> 0.53 | J11: =IF(I11="","Handmatig beoordelen",IF(I11>=0.8,"Hergebruik",IF(I11>=0.55,"Hergebruik > recycling",IF(I11>=0.3,"Recycling","Handmatig beoordelen")))) -> Recycling | K11: =IF(Tabel26[[#This Row],[Routeadvies]]="Hergebruik",">= 0,8",IF(Tabel26[[#This Row],[Routeadvies]]="Hergebruik > recycling",">= 0,55 en < 0,8",IF(Tabel26[[#This Row],[Routeadvies]]="Recycling",">= 0,3 en < 0,55",IF(Tabel26[[#This Row],[Routeadvies]]="Handmatig beoordelen","< 0,3 of geen score","")))) -> >= 0,3 en < 0,55 | L11: =IF($B11="Totaal","Totaal",IF($A11="Hout",IF(OR($B11="Trappen",$B11="Ramen",$B11="Deuren",$B11="Kozijnen",$B11="Dakkapellen",$B11="Dakconstructie"),"Bijzonder hout",IF($G11="","Handmatig beoordelen",IF($G11>=4,"A-hout",IF($G11>=3,"B-hout",IF($G11>0,"C-hout","Handmatig beoordelen"))))),IF($A11="Staal",IF(OR($B11="Kolommen",$B11="Balken",$B11="Liggers",$B11="Buisstaalconstructies",$B11="Kozijnen",$B11="Trappen",$B11="Hekwerken",$B11="Leuningen"),"Bijzonder staal",IF($G11="","Handmatig beoordelen",IF($G11>=4,"A-staal",IF($G11>=2,"B-staal",IF($G11>0,"C-staal","Handmatig beoordelen"))))),IF($A11="Beton",IF(OR($B11="Funderingen",$B11="Heipalen",$B11="Prefab elementen",$B11="Kanaalplaatvloeren",$B11="Breedplaatvloeren",$B11="Trappen",$B11="Gevelpanelen"),"Bijzonder beton",IF($G11="","Handmatig beoordelen",IF($G11>=4,"A-beton",IF($G11>=3,"B-beton",IF($G11>0,"C-beton","Handmatig beoordelen"))))),IF(OR($A11="Aluminium",$A11="Alumiunium"),IF(OR($B11="Ramen",$B11="Deuren",$B11="Kozijnen",$B11="Vliesgevels",$B11="Gevelsystemen",$B11="Zonwering",$B11="Trappen"),"Bijzonder aluminium",IF($G11="","Handmatig beoordelen",IF($G11>=4,"A-aluminium",IF($G11>=3,"B-aluminium",IF($G11>0,"C-aluminium","Handmatig beoordelen"))))),IF($A11="Koper",IF(OR($B11="Installaties",$B11="Technische ruimte",$B11="Verdeelkast",$B11="Meterkast",$B11="Bliksemafleiding",$B11="Leidingnetten"),"Bijzonder koper",IF($G11="","Handmatig beoordelen",IF($G11>=4,"A-koper",IF($G11>=3,"B-koper",IF($G11>0,"C-koper","Handmatig beoordelen"))))),IF($A11="Bitumen",IF(OR($B11="Dakopbouw",$B11="Groendak",$B11="Opstanden",$B11="Kimmen",$B11="Aansluitdetails",$B11="Dakdetails"),"Bijzonder bitumen",IF($G11="","Handmatig beoordelen",IF($G11>=4,"A-bitumen",IF($G11>=3,"B-bitumen",IF($G11>0,"C-bitumen","Handmatig beoordelen"))))),"Handmatig beoordelen"))))))) -> Bijzonder hout | M11: =IFERROR(Tabel26[[#This Row],[BIM-volume m³]]*INDEX(Tabel113[CO2-nieuw (kg)],1)+Tabel26[[#This Row],[BIM-volume m³]]*Tabel26[[#This Row],[Transport Impact]]*IF(Tabel26[[#This Row],[Transportafstand (km)]]="",0,Tabel26[[#This Row],[Transportafstand (km)]]),0) -> 0 | N11: =IF(Tabel26[[#This Row],[Klasse]]="Totaal",SUM(M12:M20),IFERROR(Tabel26[[#This Row],[BIM-volume m³]]*INDEX(Tabel113[CO2-Hergebruik (kg)],1)+Tabel26[[#This Row],[BIM-volume m³]]*INDEX(Tabel113[Transport-impact ],1)*IF(Tabel26[[#This Row],[Transportafstand (km)]]="",0,Tabel26[[#This Row],[Transportafstand (km)]]),0)) -> 0 | O11: =IFERROR(Tabel26[[#This Row],[BIM-volume m³]]*INDEX(Tabel113[CO2- recycle (kg)],1)+Tabel26[[#This Row],[BIM-volume m³]]*Tabel26[[#This Row],[Transport Impact]]*IF(Tabel26[[#This Row],[Transportafstand (km)]]="",0,Tabel26[[#This Row],[Transportafstand (km)]]),0) -> 0 | P11: =IF(Q11="hergebruik",M11-N11,IF(Q11="recycling",O11-N11,"")) | Q11: =IF(OR($M11="",$M11=0),"Geen beoordeling",IF(AND($N11=0,$O11=0),"Geen beoordeling",IF($N11<$O11,"Hergebruik",IF($O11<$N11,"Recycling","Hergebruik en recycling gelijk")))) -> Geen beoordeling | R11: =IFERROR(Tabel26[[#This Row],[BIM-volume m³]]*Tabel26[[#This Row],[PRR]],0) -> 0 | S11: =IFERROR(VLOOKUP(Tabel26[[#This Row],[Klasse]],Hout!$A$11:$D$14,4,FALSE),0) -> 900 | T11: =R11*S11 -> 0 | U11: =IF(OR($L11="Handmatig beoordelen",$L11="",$L11="Totaal",$I11=""),"Handmatig",IF($I11>=70%,"Ja","Nee")) -> Nee | V11: =IF(OR($L11="Handmatig beoordelen",$L11="",$L11="Totaal"),"Handmatig",IF($P11>0,"Ja","Nee")) -> Ja | W11: =IF(OR($L11="Handmatig beoordelen",$L11="",$L11="Totaal"),"Handmatig",IF($T11>0,"Ja","Nee")) -> Nee | X11: =IF(OR($U11="Handmatig",$V11="Handmatig",$W11="Handmatig"),"Handmatig beoordelen",IF(COUNTIF($U11:$W11,"Ja")>=2,"Interessant",IF(COUNTIF($U11:$W11,"Ja")=1,"Eigen beoordeling","Niet interessant"))) -> Eigen beoordeling
A12: Hout | B12: Trappen | C12: ='Hout-data'!B11 -> 0 | D12: 2 | E12: 20 | F12: 5 | G12: 4 | H12: 5 | I12: =IFERROR(ROUND(AVERAGE(F12,G12,H12)/5,2),0) -> 0.93 | J12: =IF(I12="","Handmatig beoordelen",IF(I12>=0.8,"Hergebruik",IF(I12>=0.55,"Hergebruik > recycling",IF(I12>=0.3,"Recycling","Handmatig beoordelen")))) -> Hergebruik | K12: =IF(Tabel26[[#This Row],[Routeadvies]]="Hergebruik",">= 0,8",IF(Tabel26[[#This Row],[Routeadvies]]="Hergebruik > recycling",">= 0,55 en < 0,8",IF(Tabel26[[#This Row],[Routeadvies]]="Recycling",">= 0,3 en < 0,55",IF(Tabel26[[#This Row],[Routeadvies]]="Handmatig beoordelen","< 0,3 of geen score","")))) -> >= 0,8 | L12: =IF($B12="Totaal","Totaal",IF($A12="Hout",IF(OR($B12="Trappen",$B12="Ramen",$B12="Deuren",$B12="Kozijnen",$B12="Dakkapellen",$B12="Dakconstructie"),"Bijzonder hout",IF($G12="","Handmatig beoordelen",IF($G12>=4,"A-hout",IF($G12>=3,"B-hout",IF($G12>0,"C-hout","Handmatig beoordelen"))))),IF($A12="Staal",IF(OR($B12="Kolommen",$B12="Balken",$B12="Liggers",$B12="Buisstaalconstructies",$B12="Kozijnen",$B12="Trappen",$B12="Hekwerken",$B12="Leuningen"),"Bijzonder staal",IF($G12="","Handmatig beoordelen",IF($G12>=4,"A-staal",IF($G12>=2,"B-staal",IF($G12>0,"C-staal","Handmatig beoordelen"))))),IF($A12="Beton",IF(OR($B12="Funderingen",$B12="Heipalen",$B12="Prefab elementen",$B12="Kanaalplaatvloeren",$B12="Breedplaatvloeren",$B12="Trappen",$B12="Gevelpanelen"),"Bijzonder beton",IF($G12="","Handmatig beoordelen",IF($G12>=4,"A-beton",IF($G12>=3,"B-beton",IF($G12>0,"C-beton","Handmatig beoordelen"))))),IF(OR($A12="Aluminium",$A12="Alumiunium"),IF(OR($B12="Ramen",$B12="Deuren",$B12="Kozijnen",$B12="Vliesgevels",$B12="Gevelsystemen",$B12="Zonwering",$B12="Trappen"),"Bijzonder aluminium",IF($G12="","Handmatig beoordelen",IF($G12>=4,"A-aluminium",IF($G12>=3,"B-aluminium",IF($G12>0,"C-aluminium","Handmatig beoordelen"))))),IF($A12="Koper",IF(OR($B12="Installaties",$B12="Technische ruimte",$B12="Verdeelkast",$B12="Meterkast",$B12="Bliksemafleiding",$B12="Leidingnetten"),"Bijzonder koper",IF($G12="","Handmatig beoordelen",IF($G12>=4,"A-koper",IF($G12>=3,"B-koper",IF($G12>0,"C-koper","Handmatig beoordelen"))))),IF($A12="Bitumen",IF(OR($B12="Dakopbouw",$B12="Groendak",$B12="Opstanden",$B12="Kimmen",$B12="Aansluitdetails",$B12="Dakdetails"),"Bijzonder bitumen",IF($G12="","Handmatig beoordelen",IF($G12>=4,"A-bitumen",IF($G12>=3,"B-bitumen",IF($G12>0,"C-bitumen","Handmatig beoordelen"))))),"Handmatig beoordelen"))))))) -> Bijzonder hout | M12: =IFERROR(Tabel26[[#This Row],[BIM-volume m³]]*INDEX(Tabel113[CO2-nieuw (kg)],1)+Tabel26[[#This Row],[BIM-volume m³]]*Tabel26[[#This Row],[Transport Impact]]*IF(Tabel26[[#This Row],[Transportafstand (km)]]="",0,Tabel26[[#This Row],[Transportafstand (km)]]),0) -> 0 | O12: =IFERROR(Tabel26[[#This Row],[BIM-volume m³]]*INDEX(Tabel113[CO2- recycle (kg)],1)+Tabel26[[#This Row],[BIM-volume m³]]*Tabel26[[#This Row],[Transport Impact]]*IF(Tabel26[[#This Row],[Transportafstand (km)]]="",0,Tabel26[[#This Row],[Transportafstand (km)]]),0) -> 0 | P12: =IF($B19="Totaal",SUM($O$4:$O$12),IFERROR(MAX(0,$M12-MIN($N12,$O12)),0)) -> 0 | Q12: =IF(OR($M12="",$M12=0),"Geen beoordeling",IF(AND($N12=0,$O12=0),"Geen beoordeling",IF($N12<$O12,"Hergebruik",IF($O12<$N12,"Recycling","Hergebruik en recycling gelijk")))) -> Geen beoordeling | R12: =IFERROR(Tabel26[[#This Row],[BIM-volume m³]]*Tabel26[[#This Row],[PRR]],0) -> 0 | S12: =IFERROR(VLOOKUP(Tabel26[[#This Row],[Klasse]],Hout!$A$11:$D$14,4,FALSE),0) -> 900 | T12: =R12*S12 -> 0 | U12: =IF(OR($L12="Handmatig beoordelen",$L12="",$L12="Totaal",$I12=""),"Handmatig",IF($I12>=70%,"Ja","Nee")) -> Ja | V12: =IF(OR($L12="Handmatig beoordelen",$L12="",$L12="Totaal"),"Handmatig",IF($P12>0,"Ja","Nee")) -> Nee | W12: =IF(OR($L12="Handmatig beoordelen",$L12="",$L12="Totaal"),"Handmatig",IF($T12>0,"Ja","Nee")) -> Nee | X12: =IF(OR($U12="Handmatig",$V12="Handmatig",$W12="Handmatig"),"Handmatig beoordelen",IF(COUNTIF($U12:$W12,"Ja")>=2,"Interessant",IF(COUNTIF($U12:$W12,"Ja")=1,"Eigen beoordeling","Niet interessant"))) -> Eigen beoordeling
A14: Materiaalstroom | B14: Bouwdeel uit BIM | C14: BIM-volume m³ | D14: Transport Impact | E14: Transportafstand (km) | F14: Demonteerbaarheid | G14: Materiaalconditie | H14: Marktpotentie | I14: PRR | J14: Routeadvies | K14: Grenswaarde | L14: Klasse | M14: Tot. nieuw CO2 (kg) | N14: Tot. hergebruik CO2 (kg) | O14: Tot. recycling Co2 (kg) | P14: Klimaatbesparing kg CO₂ | Q14: Routeadvies 2 | R14: Praktisch terugwinbaar volume m³ | S14: Verkoopprijs per m³ | T14: Financiële marktwaarde excl. kosten | U14: Recovery hoog? | V14: Klimaat positief? | W14: Financiele positief? | X14: Eindbeoordeling
A15: Staal | B15: Totaal | C15: ='Staal-data'!B2 -> 0 | D15: 4 | E15: ="" | F15: =AVERAGE(F16:F24) -> 3.2222222 | G15: =AVERAGE(G16:G24) -> 2.8888889 | H15: =AVERAGE(H16:H24) -> 3.4444444 | I15: =IFERROR(ROUND(AVERAGE(Tabel2640[[#This Row],[Demonteerbaarheid]],Tabel2640[[#This Row],[Materiaalconditie ]],Tabel2640[[#This Row],[Marktpotentie ]])/5,2),0) -> 0.64 | J15: =IF(Tabel2640[[#This Row],[PRR]]="","Handmatig beoordelen",IF(Tabel2640[[#This Row],[PRR]]>=0.75,"Hergebruik",IF(Tabel2640[[#This Row],[PRR]]>=0.4,"Hergebruik > recycling",IF(Tabel2640[[#This Row],[PRR]]>=0.15,"Recycling","Handmatig beoordelen")))) -> Hergebruik > recycling | K15: =IF(Tabel2640[[#This Row],[Routeadvies]]="Hergebruik",">= 0,75",IF(Tabel2640[[#This Row],[Routeadvies]]="Hergebruik > recycling",">= 0,4 en < 0,75",IF(Tabel2640[[#This Row],[Routeadvies]]="Recycling",">= 0,15 en < 0,4",IF(Tabel2640[[#This Row],[Routeadvies]]="Handmatig beoordelen","< 0,15 of geen score","")))) -> >= 0,4 en < 0,75 | L15: =IF($B15="Totaal","Totaal",IF(OR($B15="deuren",$B15="Balken",$B15="Liggers",$B15="Buisstaalconstructies",$B15="Kozijnen",$B15="Trappen",$B15="Hekwerken",$B15="Leuningen",$B15="ramen"),"Bijzonder staal",IF($G15="","Handmatig beoordelen",IF($G15>=4,"A-staal",IF($G15>=2,"B-staal",IF($G15>0,"C-staal","Handmatig beoordelen")))))) -> Totaal | M15: =IFERROR(Tabel2640[[#This Row],[BIM-volume m³]]*INDEX(Tabel17[CO2-nieuw (kg)],1)+Tabel2640[[#This Row],[BIM-volume m³]]*Tabel2640[[#This Row],[Transport Impact]]*IF(Tabel2640[[#This Row],[Transportafstand (km)]]="",0,Tabel2640[[#This Row],[Transportafstand (km)]]),0) -> 0 | N15: =SUM(N16:N24) -> 0 | O15: =SUM(O16:O24) -> 0 | P15: =IF($B10="Totaal",SUM($P$16:$P$24),IFERROR(MAX(0,$M14-MIN($N15,$O15)),0)) -> 0 | Q15: =IF(OR($M14="",$M14=0),"Geen beoordeling",IF(AND($N15=0,$O15=0),"Geen beoordeling",IF($N15<$O15,"Hergebruik",IF($O15<$N15,"Recycling","Hergebruik en recycling gelijk")))) -> Geen beoordeling | R15: =IFERROR(Tabel2640[[#This Row],[BIM-volume m³]]*Tabel2640[[#This Row],[PRR]],0) -> 0 | S15: =IFERROR(VLOOKUP(Tabel2640[[#This Row],[Klasse]],Staal!$A$10:$D$13,4,FALSE),0) -> 0 | T15: =Tabel2640[[#This Row],[Praktisch terugwinbaar volume m³]]*Tabel2640[[#This Row],[Verkoopprijs per m³]] -> 0 | U15: =IF(OR($L15="Handmatig beoordelen",$L15="",$L15="Totaal",$I15=""),"Handmatig",IF($I15>=70%,"Ja","Nee")) -> Handmatig | V15: =IF(OR($L15="Handmatig beoordelen",$L15="",$L15="Totaal",$Q15=""),"Handmatig",IF(OR($Q15="Hergebruik",$Q15="Recycling",$Q15="Hergebruik en recycling",$Q15="Hergebruik en recycling gelijk"),"Ja","Nee")) -> Handmatig | W15: =IF(OR($L15="Handmatig beoordelen",$L15="",$L15="Totaal"),"Handmatig",IF($T15>0,"Ja","Nee")) -> Handmatig | X15: =IF(OR($U15="Handmatig",$V15="Handmatig",$W15="Handmatig"),"Handmatig beoordelen",IF(COUNTIF($U15:$W15,"Ja")>=2,"Interessant",IF(COUNTIF($U15:$W15,"Ja")=1,"Eigen beoordeling","Niet interessant"))) -> Handmatig beoordelen
A16: Staal | B16: Plafonds | C16: ='Staal-data'!B3 -> 0 | D16: 4 | E16: 20 | F16: 1 | G16: 3 | H16: 4 | I16: =IFERROR(ROUND(AVERAGE(Tabel2640[[#This Row],[Demonteerbaarheid]],Tabel2640[[#This Row],[Materiaalconditie ]],Tabel2640[[#This Row],[Marktpotentie ]])/5,2),0) -> 0.53 | J16: =IF(Tabel2640[[#This Row],[PRR]]="","Handmatig beoordelen",IF(Tabel2640[[#This Row],[PRR]]>=0.75,"Hergebruik",IF(Tabel2640[[#This Row],[PRR]]>=0.4,"Hergebruik > recycling",IF(Tabel2640[[#This Row],[PRR]]>=0.15,"Recycling","Handmatig beoordelen")))) -> Hergebruik > recycling | K16: =IF(Tabel2640[[#This Row],[Routeadvies]]="Hergebruik",">= 0,75",IF(Tabel2640[[#This Row],[Routeadvies]]="Hergebruik > recycling",">= 0,4 en < 0,75",IF(Tabel2640[[#This Row],[Routeadvies]]="Recycling",">= 0,15 en < 0,4",IF(Tabel2640[[#This Row],[Routeadvies]]="Handmatig beoordelen","< 0,15 of geen score","")))) -> >= 0,4 en < 0,75 | L16: =IF($B16="Totaal","Totaal",IF(OR($B16="deuren",$B16="Balken",$B16="Liggers",$B16="Buisstaalconstructies",$B16="Kozijnen",$B16="Trappen",$B16="Hekwerken",$B16="Leuningen",$B16="ramen"),"Bijzonder staal",IF($G16="","Handmatig beoordelen",IF($G16>=4,"A-staal",IF($G16>=2,"B-staal",IF($G16>0,"C-staal","Handmatig beoordelen")))))) -> B-staal | M16: =IFERROR(Tabel2640[[#This Row],[BIM-volume m³]]*INDEX(Tabel17[CO2-nieuw (kg)],1)+Tabel2640[[#This Row],[BIM-volume m³]]*Tabel2640[[#This Row],[Transport Impact]]*IF(Tabel2640[[#This Row],[Transportafstand (km)]]="",0,Tabel2640[[#This Row],[Transportafstand (km)]]),0) -> 0 | N16: =IFERROR(Tabel2640[[#This Row],[BIM-volume m³]]*INDEX(Tabel17[CO2-Hergebruik (kg)],1)+Tabel2640[[#This Row],[BIM-volume m³]]*Tabel2640[[#This Row],[Transportafstand (km)]]*Tabel2640[[#This Row],[Transport Impact]],0) -> 0 | O16: =IFERROR(Tabel2640[[#This Row],[BIM-volume m³]]*Staal!$O$3+Tabel2640[[#This Row],[BIM-volume m³]]*Tabel2640[[#This Row],[Transport Impact]]*IF(Tabel2640[[#This Row],[Transportafstand (km)]]="",0,Tabel2640[[#This Row],[Transportafstand (km)]]),0) -> 0 | P16: =IFERROR(MAX(0,Tabel2640[[#This Row],[Tot. nieuw CO2 (kg)]]-MIN(IF(Tabel2640[[#This Row],[Tot. hergebruik CO2 (kg)]]=0,999999,Tabel2640[[#This Row],[Tot. hergebruik CO2 (kg)]]),IF(Tabel2640[[#This Row],[Tot. recycling Co2 (kg)]]=0,999999,Tabel2640[[#This Row],[Tot. recycling Co2 (kg)]]))),0) -> 0 | Q16: =IF(OR($M15="",$M15=0),"Geen beoordeling",IF(AND($N16=0,$O16=0),"Geen beoordeling",IF($N16<$O16,"Hergebruik",IF($O16<$N16,"Recycling","Hergebruik en recycling gelijk")))) -> Geen beoordeling | R16: =IFERROR(Tabel2640[[#This Row],[BIM-volume m³]]*Tabel2640[[#This Row],[PRR]],0) -> 0 | S16: =IFERROR(VLOOKUP(Tabel2640[[#This Row],[Klasse]],Staal!$A$10:$D$13,4,FALSE),0) -> 150 | T16: =Tabel2640[[#This Row],[Praktisch terugwinbaar volume m³]]*Tabel2640[[#This Row],[Verkoopprijs per m³]] -> 0 | U16: =IF(OR($L16="Handmatig beoordelen",$L16="",$L16="Totaal",$I16=""),"Handmatig",IF($I16>=70%,"Ja","Nee")) -> Nee | V16: =IF(OR($L16="Handmatig beoordelen",$L16="",$L16="Totaal",$Q16=""),"Handmatig",IF(OR($Q16="Hergebruik",$Q16="Recycling",$Q16="Hergebruik en recycling",$Q16="Hergebruik en recycling gelijk"),"Ja","Nee")) -> Nee | W16: =IF(OR($L16="Handmatig beoordelen",$L16="",$L16="Totaal"),"Handmatig",IF($T16>0,"Ja","Nee")) -> Nee | X16: =IF(OR($U16="Handmatig",$V16="Handmatig",$W16="Handmatig"),"Handmatig beoordelen",IF(COUNTIF($U16:$W16,"Ja")>=2,"Interessant",IF(COUNTIF($U16:$W16,"Ja")=1,"Eigen beoordeling","Niet interessant"))) -> Niet interessant
A17: Staal | B17: Kolommen | C17: ='Staal-data'!B4 -> 0 | D17: 4 | E17: 20 | F17: 1 | G17: 3 | H17: 3 | I17: =IFERROR(ROUND(AVERAGE(Tabel2640[[#This Row],[Demonteerbaarheid]],Tabel2640[[#This Row],[Materiaalconditie ]],Tabel2640[[#This Row],[Marktpotentie ]])/5,2),0) -> 0.47 | J17: =IF(Tabel2640[[#This Row],[PRR]]="","Handmatig beoordelen",IF(Tabel2640[[#This Row],[PRR]]>=0.75,"Hergebruik",IF(Tabel2640[[#This Row],[PRR]]>=0.4,"Hergebruik > recycling",IF(Tabel2640[[#This Row],[PRR]]>=0.15,"Recycling","Handmatig beoordelen")))) -> Hergebruik > recycling | K17: =IF(Tabel2640[[#This Row],[Routeadvies]]="Hergebruik",">= 0,75",IF(Tabel2640[[#This Row],[Routeadvies]]="Hergebruik > recycling",">= 0,4 en < 0,75",IF(Tabel2640[[#This Row],[Routeadvies]]="Recycling",">= 0,15 en < 0,4",IF(Tabel2640[[#This Row],[Routeadvies]]="Handmatig beoordelen","< 0,15 of geen score","")))) -> >= 0,4 en < 0,75 | L17: =IF($B17="Totaal","Totaal",IF(OR($B17="deuren",$B17="Balken",$B17="Liggers",$B17="Buisstaalconstructies",$B17="Kozijnen",$B17="Trappen",$B17="Hekwerken",$B17="Leuningen",$B17="ramen"),"Bijzonder staal",IF($G17="","Handmatig beoordelen",IF($G17>=4,"A-staal",IF($G17>=2,"B-staal",IF($G17>0,"C-staal","Handmatig beoordelen")))))) -> B-staal | M17: =IFERROR(Tabel2640[[#This Row],[BIM-volume m³]]*INDEX(Tabel17[CO2-nieuw (kg)],1)+Tabel2640[[#This Row],[BIM-volume m³]]*Tabel2640[[#This Row],[Transport Impact]]*IF(Tabel2640[[#This Row],[Transportafstand (km)]]="",0,Tabel2640[[#This Row],[Transportafstand (km)]]),0) -> 0 | N17: =IFERROR(Tabel2640[[#This Row],[BIM-volume m³]]*INDEX(Tabel17[CO2-Hergebruik (kg)],1)+Tabel2640[[#This Row],[BIM-volume m³]]*Tabel2640[[#This Row],[Transportafstand (km)]]*Tabel2640[[#This Row],[Transport Impact]],0) -> 0 | O17: =IFERROR(Tabel2640[[#This Row],[BIM-volume m³]]*Staal!$O$3+Tabel2640[[#This Row],[BIM-volume m³]]*Tabel2640[[#This Row],[Transport Impact]]*IF(Tabel2640[[#This Row],[Transportafstand (km)]]="",0,Tabel2640[[#This Row],[Transportafstand (km)]]),0) -> 0 | P17: =IFERROR(MAX(0,Tabel2640[[#This Row],[Tot. nieuw CO2 (kg)]]-MIN(IF(Tabel2640[[#This Row],[Tot. hergebruik CO2 (kg)]]=0,999999,Tabel2640[[#This Row],[Tot. hergebruik CO2 (kg)]]),IF(Tabel2640[[#This Row],[Tot. recycling Co2 (kg)]]=0,999999,Tabel2640[[#This Row],[Tot. recycling Co2 (kg)]]))),0) -> 0 | Q17: =IF(OR($M16="",$M16=0),"Geen beoordeling",IF(AND($N17=0,$O17=0),"Geen beoordeling",IF($N17<$O17,"Hergebruik",IF($O17<$N17,"Recycling","Hergebruik en recycling gelijk")))) -> Geen beoordeling | R17: =IFERROR(Tabel2640[[#This Row],[BIM-volume m³]]*Tabel2640[[#This Row],[PRR]],0) -> 0 | S17: =IFERROR(VLOOKUP(Tabel2640[[#This Row],[Klasse]],Staal!$A$10:$D$13,4,FALSE),0) -> 150 | T17: =Tabel2640[[#This Row],[Praktisch terugwinbaar volume m³]]*Tabel2640[[#This Row],[Verkoopprijs per m³]] -> 0 | U17: =IF(OR($L17="Handmatig beoordelen",$L17="",$L17="Totaal",$I17=""),"Handmatig",IF($I17>=70%,"Ja","Nee")) -> Nee | V17: =IF(OR($L17="Handmatig beoordelen",$L17="",$L17="Totaal",$Q17=""),"Handmatig",IF(OR($Q17="Hergebruik",$Q17="Recycling",$Q17="Hergebruik en recycling",$Q17="Hergebruik en recycling gelijk"),"Ja","Nee")) -> Nee | W17: =IF(OR($L17="Handmatig beoordelen",$L17="",$L17="Totaal"),"Handmatig",IF($T17>0,"Ja","Nee")) -> Nee | X17: =IF(OR($U17="Handmatig",$V17="Handmatig",$W17="Handmatig"),"Handmatig beoordelen",IF(COUNTIF($U17:$W17,"Ja")>=2,"Interessant",IF(COUNTIF($U17:$W17,"Ja")=1,"Eigen beoordeling","Niet interessant"))) -> Niet interessant | Y17: 530
A18: Staal | B18: Gevelpanelen | C18: ='Staal-data'!B5 -> 0 | D18: 4 | E18: 20 | F18: 5 | G18: 4 | H18: 3 | I18: =IFERROR(ROUND(AVERAGE(Tabel2640[[#This Row],[Demonteerbaarheid]],Tabel2640[[#This Row],[Materiaalconditie ]],Tabel2640[[#This Row],[Marktpotentie ]])/5,2),0) -> 0.8 | J18: =IF(Tabel2640[[#This Row],[PRR]]="","Handmatig beoordelen",IF(Tabel2640[[#This Row],[PRR]]>=0.75,"Hergebruik",IF(Tabel2640[[#This Row],[PRR]]>=0.4,"Hergebruik > recycling",IF(Tabel2640[[#This Row],[PRR]]>=0.15,"Recycling","Handmatig beoordelen")))) -> Hergebruik | K18: =IF(Tabel2640[[#This Row],[Routeadvies]]="Hergebruik",">= 0,75",IF(Tabel2640[[#This Row],[Routeadvies]]="Hergebruik > recycling",">= 0,4 en < 0,75",IF(Tabel2640[[#This Row],[Routeadvies]]="Recycling",">= 0,15 en < 0,4",IF(Tabel2640[[#This Row],[Routeadvies]]="Handmatig beoordelen","< 0,15 of geen score","")))) -> >= 0,75 | L18: =IF($B18="Totaal","Totaal",IF(OR($B18="deuren",$B18="Balken",$B18="Liggers",$B18="Buisstaalconstructies",$B18="Kozijnen",$B18="Trappen",$B18="Hekwerken",$B18="Leuningen",$B18="ramen"),"Bijzonder staal",IF($G18="","Handmatig beoordelen",IF($G18>=4,"A-staal",IF($G18>=2,"B-staal",IF($G18>0,"C-staal","Handmatig beoordelen")))))) -> A-staal | M18: =IFERROR(Tabel2640[[#This Row],[BIM-volume m³]]*INDEX(Tabel17[CO2-nieuw (kg)],1)+Tabel2640[[#This Row],[BIM-volume m³]]*Tabel2640[[#This Row],[Transport Impact]]*IF(Tabel2640[[#This Row],[Transportafstand (km)]]="",0,Tabel2640[[#This Row],[Transportafstand (km)]]),0) -> 0 | N18: =IFERROR(Tabel2640[[#This Row],[BIM-volume m³]]*INDEX(Tabel17[CO2-Hergebruik (kg)],1)+Tabel2640[[#This Row],[BIM-volume m³]]*Tabel2640[[#This Row],[Transportafstand (km)]]*Tabel2640[[#This Row],[Transport Impact]],0) -> 0 | O18: =IFERROR(Tabel2640[[#This Row],[BIM-volume m³]]*Staal!$O$3+Tabel2640[[#This Row],[BIM-volume m³]]*Tabel2640[[#This Row],[Transport Impact]]*IF(Tabel2640[[#This Row],[Transportafstand (km)]]="",0,Tabel2640[[#This Row],[Transportafstand (km)]]),0) -> 0 | P18: =IFERROR(MAX(0,Tabel2640[[#This Row],[Tot. nieuw CO2 (kg)]]-MIN(IF(Tabel2640[[#This Row],[Tot. hergebruik CO2 (kg)]]=0,999999,Tabel2640[[#This Row],[Tot. hergebruik CO2 (kg)]]),IF(Tabel2640[[#This Row],[Tot. recycling Co2 (kg)]]=0,999999,Tabel2640[[#This Row],[Tot. recycling Co2 (kg)]]))),0) -> 0 | Q18: =IF(OR($M17="",$M17=0),"Geen beoordeling",IF(AND($N18=0,$O18=0),"Geen beoordeling",IF($N18<$O18,"Hergebruik",IF($O18<$N18,"Recycling","Hergebruik en recycling gelijk")))) -> Geen beoordeling | R18: =IFERROR(Tabel2640[[#This Row],[BIM-volume m³]]*Tabel2640[[#This Row],[PRR]],0) -> 0 | S18: =IFERROR(VLOOKUP(Tabel2640[[#This Row],[Klasse]],Staal!$A$10:$D$13,4,FALSE),0) -> 255 | T18: =Tabel2640[[#This Row],[Praktisch terugwinbaar volume m³]]*Tabel2640[[#This Row],[Verkoopprijs per m³]] -> 0 | U18: =IF(OR($L18="Handmatig beoordelen",$L18="",$L18="Totaal",$I18=""),"Handmatig",IF($I18>=70%,"Ja","Nee")) -> Ja | V18: =IF(OR($L18="Handmatig beoordelen",$L18="",$L18="Totaal",$Q18=""),"Handmatig",IF(OR($Q18="Hergebruik",$Q18="Recycling",$Q18="Hergebruik en recycling",$Q18="Hergebruik en recycling gelijk"),"Ja","Nee")) -> Nee | W18: =IF(OR($L18="Handmatig beoordelen",$L18="",$L18="Totaal"),"Handmatig",IF($T18>0,"Ja","Nee")) -> Nee | X18: =IF(OR($U18="Handmatig",$V18="Handmatig",$W18="Handmatig"),"Handmatig beoordelen",IF(COUNTIF($U18:$W18,"Ja")>=2,"Interessant",IF(COUNTIF($U18:$W18,"Ja")=1,"Eigen beoordeling","Niet interessant"))) -> Eigen beoordeling
A19: Staal | B19: Deuren | C19: ='Staal-data'!B6 -> 0 | D19: 4 | E19: 20 | F19: 5 | G19: 3 | H19: 5 | I19: =IFERROR(ROUND(AVERAGE(Tabel2640[[#This Row],[Demonteerbaarheid]],Tabel2640[[#This Row],[Materiaalconditie ]],Tabel2640[[#This Row],[Marktpotentie ]])/5,2),0) -> 0.87 | J19: =IF(Tabel2640[[#This Row],[PRR]]="","Handmatig beoordelen",IF(Tabel2640[[#This Row],[PRR]]>=0.75,"Hergebruik",IF(Tabel2640[[#This Row],[PRR]]>=0.4,"Hergebruik > recycling",IF(Tabel2640[[#This Row],[PRR]]>=0.15,"Recycling","Handmatig beoordelen")))) -> Hergebruik | K19: =IF(Tabel2640[[#This Row],[Routeadvies]]="Hergebruik",">= 0,75",IF(Tabel2640[[#This Row],[Routeadvies]]="Hergebruik > recycling",">= 0,4 en < 0,75",IF(Tabel2640[[#This Row],[Routeadvies]]="Recycling",">= 0,15 en < 0,4",IF(Tabel2640[[#This Row],[Routeadvies]]="Handmatig beoordelen","< 0,15 of geen score","")))) -> >= 0,75 | L19: =IF($B19="Totaal","Totaal",IF(OR($B19="deuren",$B19="Balken",$B19="Liggers",$B19="Buisstaalconstructies",$B19="Kozijnen",$B19="Trappen",$B19="Hekwerken",$B19="Leuningen",$B19="ramen"),"Bijzonder staal",IF($G19="","Handmatig beoordelen",IF($G19>=4,"A-staal",IF($G19>=2,"B-staal",IF($G19>0,"C-staal","Handmatig beoordelen")))))) -> Bijzonder staal | M19: =IFERROR(Tabel2640[[#This Row],[BIM-volume m³]]*INDEX(Tabel17[CO2-nieuw (kg)],1)+Tabel2640[[#This Row],[BIM-volume m³]]*Tabel2640[[#This Row],[Transport Impact]]*IF(Tabel2640[[#This Row],[Transportafstand (km)]]="",0,Tabel2640[[#This Row],[Transportafstand (km)]]),0) -> 0 | N19: =IFERROR(Tabel2640[[#This Row],[BIM-volume m³]]*INDEX(Tabel17[CO2-Hergebruik (kg)],1)+Tabel2640[[#This Row],[BIM-volume m³]]*Tabel2640[[#This Row],[Transportafstand (km)]]*Tabel2640[[#This Row],[Transport Impact]],0) -> 0 | O19: =IFERROR(Tabel2640[[#This Row],[BIM-volume m³]]*Staal!$O$3+Tabel2640[[#This Row],[BIM-volume m³]]*Tabel2640[[#This Row],[Transport Impact]]*IF(Tabel2640[[#This Row],[Transportafstand (km)]]="",0,Tabel2640[[#This Row],[Transportafstand (km)]]),0) -> 0 | P19: =IFERROR(MAX(0,Tabel2640[[#This Row],[Tot. nieuw CO2 (kg)]]-MIN(IF(Tabel2640[[#This Row],[Tot. hergebruik CO2 (kg)]]=0,999999,Tabel2640[[#This Row],[Tot. hergebruik CO2 (kg)]]),IF(Tabel2640[[#This Row],[Tot. recycling Co2 (kg)]]=0,999999,Tabel2640[[#This Row],[Tot. recycling Co2 (kg)]]))),0) -> 0 | Q19: =IF(OR($M18="",$M18=0),"Geen beoordeling",IF(AND($N19=0,$O19=0),"Geen beoordeling",IF($N19<$O19,"Hergebruik",IF($O19<$N19,"Recycling","Hergebruik en recycling gelijk")))) -> Geen beoordeling | R19: =IFERROR(Tabel2640[[#This Row],[BIM-volume m³]]*Tabel2640[[#This Row],[PRR]],0) -> 0 | S19: =IFERROR(VLOOKUP(Tabel2640[[#This Row],[Klasse]],Staal!$A$10:$D$13,4,FALSE),0) -> 350 | T19: =Tabel2640[[#This Row],[Praktisch terugwinbaar volume m³]]*Tabel2640[[#This Row],[Verkoopprijs per m³]] -> 0 | U19: =IF(OR($L19="Handmatig beoordelen",$L19="",$L19="Totaal",$I19=""),"Handmatig",IF($I19>=70%,"Ja","Nee")) -> Ja | V19: =IF(OR($L19="Handmatig beoordelen",$L19="",$L19="Totaal",$Q19=""),"Handmatig",IF(OR($Q19="Hergebruik",$Q19="Recycling",$Q19="Hergebruik en recycling",$Q19="Hergebruik en recycling gelijk"),"Ja","Nee")) -> Nee | W19: =IF(OR($L19="Handmatig beoordelen",$L19="",$L19="Totaal"),"Handmatig",IF($T19>0,"Ja","Nee")) -> Nee | X19: =IF(OR($U19="Handmatig",$V19="Handmatig",$W19="Handmatig"),"Handmatig beoordelen",IF(COUNTIF($U19:$W19,"Ja")>=2,"Interessant",IF(COUNTIF($U19:$W19,"Ja")=1,"Eigen beoordeling","Niet interessant"))) -> Eigen beoordeling
A20: Staal | B20: Vloeren | C20: ='Staal-data'!B7 -> 0 | D20: 4 | E20: 20 | F20: 1 | G20: 2 | H20: 3 | I20: =IFERROR(ROUND(AVERAGE(Tabel2640[[#This Row],[Demonteerbaarheid]],Tabel2640[[#This Row],[Materiaalconditie ]],Tabel2640[[#This Row],[Marktpotentie ]])/5,2),0) -> 0.4 | J20: =IF(Tabel2640[[#This Row],[PRR]]="","Handmatig beoordelen",IF(Tabel2640[[#This Row],[PRR]]>=0.75,"Hergebruik",IF(Tabel2640[[#This Row],[PRR]]>=0.4,"Hergebruik > recycling",IF(Tabel2640[[#This Row],[PRR]]>=0.15,"Recycling","Handmatig beoordelen")))) -> Hergebruik > recycling | K20: =IF(Tabel2640[[#This Row],[Routeadvies]]="Hergebruik",">= 0,75",IF(Tabel2640[[#This Row],[Routeadvies]]="Hergebruik > recycling",">= 0,4 en < 0,75",IF(Tabel2640[[#This Row],[Routeadvies]]="Recycling",">= 0,15 en < 0,4",IF(Tabel2640[[#This Row],[Routeadvies]]="Handmatig beoordelen","< 0,15 of geen score","")))) -> >= 0,4 en < 0,75 | L20: =IF($B20="Totaal","Totaal",IF(OR($B20="deuren",$B20="Balken",$B20="Liggers",$B20="Buisstaalconstructies",$B20="Kozijnen",$B20="Trappen",$B20="Hekwerken",$B20="Leuningen",$B20="ramen"),"Bijzonder staal",IF($G20="","Handmatig beoordelen",IF($G20>=4,"A-staal",IF($G20>=2,"B-staal",IF($G20>0,"C-staal","Handmatig beoordelen")))))) -> B-staal | M20: =IFERROR(Tabel2640[[#This Row],[BIM-volume m³]]*INDEX(Tabel17[CO2-nieuw (kg)],1)+Tabel2640[[#This Row],[BIM-volume m³]]*Tabel2640[[#This Row],[Transport Impact]]*IF(Tabel2640[[#This Row],[Transportafstand (km)]]="",0,Tabel2640[[#This Row],[Transportafstand (km)]]),0) -> 0 | N20: =IFERROR(Tabel2640[[#This Row],[BIM-volume m³]]*INDEX(Tabel17[CO2-Hergebruik (kg)],1)+Tabel2640[[#This Row],[BIM-volume m³]]*Tabel2640[[#This Row],[Transportafstand (km)]]*Tabel2640[[#This Row],[Transport Impact]],0) -> 0 | O20: =IFERROR(Tabel2640[[#This Row],[BIM-volume m³]]*Staal!$O$3+Tabel2640[[#This Row],[BIM-volume m³]]*Tabel2640[[#This Row],[Transport Impact]]*IF(Tabel2640[[#This Row],[Transportafstand (km)]]="",0,Tabel2640[[#This Row],[Transportafstand (km)]]),0) -> 0 | P20: =IFERROR(MAX(0,Tabel2640[[#This Row],[Tot. nieuw CO2 (kg)]]-MIN(IF(Tabel2640[[#This Row],[Tot. hergebruik CO2 (kg)]]=0,999999,Tabel2640[[#This Row],[Tot. hergebruik CO2 (kg)]]),IF(Tabel2640[[#This Row],[Tot. recycling Co2 (kg)]]=0,999999,Tabel2640[[#This Row],[Tot. recycling Co2 (kg)]]))),0) -> 0 | Q20: =IF(OR($M19="",$M19=0),"Geen beoordeling",IF(AND($N20=0,$O20=0),"Geen beoordeling",IF($N20<$O20,"Hergebruik",IF($O20<$N20,"Recycling","Hergebruik en recycling gelijk")))) -> Geen beoordeling | R20: =IFERROR(Tabel2640[[#This Row],[BIM-volume m³]]*Tabel2640[[#This Row],[PRR]],0) -> 0 | S20: =IFERROR(VLOOKUP(Tabel2640[[#This Row],[Klasse]],Staal!$A$10:$D$13,4,FALSE),0) -> 150 | T20: =Tabel2640[[#This Row],[Praktisch terugwinbaar volume m³]]*Tabel2640[[#This Row],[Verkoopprijs per m³]] -> 0 | U20: =IF(OR($L20="Handmatig beoordelen",$L20="",$L20="Totaal",$I20=""),"Handmatig",IF($I20>=70%,"Ja","Nee")) -> Nee | V20: =IF(OR($L20="Handmatig beoordelen",$L20="",$L20="Totaal",$Q20=""),"Handmatig",IF(OR($Q20="Hergebruik",$Q20="Recycling",$Q20="Hergebruik en recycling",$Q20="Hergebruik en recycling gelijk"),"Ja","Nee")) -> Nee | W20: =IF(OR($L20="Handmatig beoordelen",$L20="",$L20="Totaal"),"Handmatig",IF($T20>0,"Ja","Nee")) -> Nee | X20: =IF(OR($U20="Handmatig",$V20="Handmatig",$W20="Handmatig"),"Handmatig beoordelen",IF(COUNTIF($U20:$W20,"Ja")>=2,"Interessant",IF(COUNTIF($U20:$W20,"Ja")=1,"Eigen beoordeling","Niet interessant"))) -> Niet interessant
A21: Staal | B21: Daken | C21: ='Staal-data'!B8 -> 0 | D21: 4 | E21: 20 | F21: 5 | G21: 3 | H21: 2 | I21: =IFERROR(ROUND(AVERAGE(Tabel2640[[#This Row],[Demonteerbaarheid]],Tabel2640[[#This Row],[Materiaalconditie ]],Tabel2640[[#This Row],[Marktpotentie ]])/5,2),0) -> 0.67 | J21: =IF(Tabel2640[[#This Row],[PRR]]="","Handmatig beoordelen",IF(Tabel2640[[#This Row],[PRR]]>=0.75,"Hergebruik",IF(Tabel2640[[#This Row],[PRR]]>=0.4,"Hergebruik > recycling",IF(Tabel2640[[#This Row],[PRR]]>=0.15,"Recycling","Handmatig beoordelen")))) -> Hergebruik > recycling | K21: =IF(Tabel2640[[#This Row],[Routeadvies]]="Hergebruik",">= 0,75",IF(Tabel2640[[#This Row],[Routeadvies]]="Hergebruik > recycling",">= 0,4 en < 0,75",IF(Tabel2640[[#This Row],[Routeadvies]]="Recycling",">= 0,15 en < 0,4",IF(Tabel2640[[#This Row],[Routeadvies]]="Handmatig beoordelen","< 0,15 of geen score","")))) -> >= 0,4 en < 0,75 | L21: =IF($B21="Totaal","Totaal",IF(OR($B21="deuren",$B21="Balken",$B21="Liggers",$B21="Buisstaalconstructies",$B21="Kozijnen",$B21="Trappen",$B21="Hekwerken",$B21="Leuningen",$B21="ramen"),"Bijzonder staal",IF($G21="","Handmatig beoordelen",IF($G21>=4,"A-staal",IF($G21>=2,"B-staal",IF($G21>0,"C-staal","Handmatig beoordelen")))))) -> B-staal | M21: =IFERROR(Tabel2640[[#This Row],[BIM-volume m³]]*INDEX(Tabel17[CO2-nieuw (kg)],1)+Tabel2640[[#This Row],[BIM-volume m³]]*Tabel2640[[#This Row],[Transport Impact]]*IF(Tabel2640[[#This Row],[Transportafstand (km)]]="",0,Tabel2640[[#This Row],[Transportafstand (km)]]),0) -> 0 | N21: =IFERROR(Tabel2640[[#This Row],[BIM-volume m³]]*INDEX(Tabel17[CO2-Hergebruik (kg)],1)+Tabel2640[[#This Row],[BIM-volume m³]]*Tabel2640[[#This Row],[Transportafstand (km)]]*Tabel2640[[#This Row],[Transport Impact]],0) -> 0 | O21: =IFERROR(Tabel2640[[#This Row],[BIM-volume m³]]*Staal!$O$3+Tabel2640[[#This Row],[BIM-volume m³]]*Tabel2640[[#This Row],[Transport Impact]]*IF(Tabel2640[[#This Row],[Transportafstand (km)]]="",0,Tabel2640[[#This Row],[Transportafstand (km)]]),0) -> 0 | P21: =IFERROR(MAX(0,Tabel2640[[#This Row],[Tot. nieuw CO2 (kg)]]-MIN(IF(Tabel2640[[#This Row],[Tot. hergebruik CO2 (kg)]]=0,999999,Tabel2640[[#This Row],[Tot. hergebruik CO2 (kg)]]),IF(Tabel2640[[#This Row],[Tot. recycling Co2 (kg)]]=0,999999,Tabel2640[[#This Row],[Tot. recycling Co2 (kg)]]))),0) -> 0 | Q21: =IF(OR($M20="",$M20=0),"Geen beoordeling",IF(AND($N21=0,$O21=0),"Geen beoordeling",IF($N21<$O21,"Hergebruik",IF($O21<$N21,"Recycling","Hergebruik en recycling gelijk")))) -> Geen beoordeling | R21: =IFERROR(Tabel2640[[#This Row],[BIM-volume m³]]*Tabel2640[[#This Row],[PRR]],0) -> 0 | S21: =IFERROR(VLOOKUP(Tabel2640[[#This Row],[Klasse]],Staal!$A$10:$D$13,4,FALSE),0) -> 150 | T21: =Tabel2640[[#This Row],[Praktisch terugwinbaar volume m³]]*Tabel2640[[#This Row],[Verkoopprijs per m³]] -> 0 | U21: =IF(OR($L21="Handmatig beoordelen",$L21="",$L21="Totaal",$I21=""),"Handmatig",IF($I21>=70%,"Ja","Nee")) -> Nee | V21: =IF(OR($L21="Handmatig beoordelen",$L21="",$L21="Totaal",$Q21=""),"Handmatig",IF(OR($Q21="Hergebruik",$Q21="Recycling",$Q21="Hergebruik en recycling",$Q21="Hergebruik en recycling gelijk"),"Ja","Nee")) -> Nee | W21: =IF(OR($L21="Handmatig beoordelen",$L21="",$L21="Totaal"),"Handmatig",IF($T21>0,"Ja","Nee")) -> Nee | X21: =IF(OR($U21="Handmatig",$V21="Handmatig",$W21="Handmatig"),"Handmatig beoordelen",IF(COUNTIF($U21:$W21,"Ja")>=2,"Interessant",IF(COUNTIF($U21:$W21,"Ja")=1,"Eigen beoordeling","Niet interessant"))) -> Niet interessant
A22: Staal | B22: Wanden | C22: ='Staal-data'!B9 -> 0 | D22: 4 | E22: 20 | F22: 1 | G22: 2 | H22: 4 | I22: =IFERROR(ROUND(AVERAGE(Tabel2640[[#This Row],[Demonteerbaarheid]],Tabel2640[[#This Row],[Materiaalconditie ]],Tabel2640[[#This Row],[Marktpotentie ]])/5,2),0) -> 0.47 | J22: =IF(Tabel2640[[#This Row],[PRR]]="","Handmatig beoordelen",IF(Tabel2640[[#This Row],[PRR]]>=0.75,"Hergebruik",IF(Tabel2640[[#This Row],[PRR]]>=0.4,"Hergebruik > recycling",IF(Tabel2640[[#This Row],[PRR]]>=0.15,"Recycling","Handmatig beoordelen")))) -> Hergebruik > recycling | K22: =IF(Tabel2640[[#This Row],[Routeadvies]]="Hergebruik",">= 0,75",IF(Tabel2640[[#This Row],[Routeadvies]]="Hergebruik > recycling",">= 0,4 en < 0,75",IF(Tabel2640[[#This Row],[Routeadvies]]="Recycling",">= 0,15 en < 0,4",IF(Tabel2640[[#This Row],[Routeadvies]]="Handmatig beoordelen","< 0,15 of geen score","")))) -> >= 0,4 en < 0,75 | L22: =IF($B22="Totaal","Totaal",IF(OR($B22="deuren",$B22="Balken",$B22="Liggers",$B22="Buisstaalconstructies",$B22="Kozijnen",$B22="Trappen",$B22="Hekwerken",$B22="Leuningen",$B22="ramen"),"Bijzonder staal",IF($G22="","Handmatig beoordelen",IF($G22>=4,"A-staal",IF($G22>=2,"B-staal",IF($G22>0,"C-staal","Handmatig beoordelen")))))) -> B-staal | M22: =IFERROR(Tabel2640[[#This Row],[BIM-volume m³]]*INDEX(Tabel17[CO2-nieuw (kg)],1)+Tabel2640[[#This Row],[BIM-volume m³]]*Tabel2640[[#This Row],[Transport Impact]]*IF(Tabel2640[[#This Row],[Transportafstand (km)]]="",0,Tabel2640[[#This Row],[Transportafstand (km)]]),0) -> 0 | N22: =IFERROR(Tabel2640[[#This Row],[BIM-volume m³]]*INDEX(Tabel17[CO2-Hergebruik (kg)],1)+Tabel2640[[#This Row],[BIM-volume m³]]*Tabel2640[[#This Row],[Transportafstand (km)]]*Tabel2640[[#This Row],[Transport Impact]],0) -> 0 | O22: =IFERROR(Tabel2640[[#This Row],[BIM-volume m³]]*Staal!$O$3+Tabel2640[[#This Row],[BIM-volume m³]]*Tabel2640[[#This Row],[Transport Impact]]*IF(Tabel2640[[#This Row],[Transportafstand (km)]]="",0,Tabel2640[[#This Row],[Transportafstand (km)]]),0) -> 0 | P22: =IFERROR(MAX(0,Tabel2640[[#This Row],[Tot. nieuw CO2 (kg)]]-MIN(IF(Tabel2640[[#This Row],[Tot. hergebruik CO2 (kg)]]=0,999999,Tabel2640[[#This Row],[Tot. hergebruik CO2 (kg)]]),IF(Tabel2640[[#This Row],[Tot. recycling Co2 (kg)]]=0,999999,Tabel2640[[#This Row],[Tot. recycling Co2 (kg)]]))),0) -> 0 | Q22: =IF(OR($M21="",$M21=0),"Geen beoordeling",IF(AND($N22=0,$O22=0),"Geen beoordeling",IF($N22<$O22,"Hergebruik",IF($O22<$N22,"Recycling","Hergebruik en recycling gelijk")))) -> Geen beoordeling | R22: =IFERROR(Tabel2640[[#This Row],[BIM-volume m³]]*Tabel2640[[#This Row],[PRR]],0) -> 0 | S22: =IFERROR(VLOOKUP(Tabel2640[[#This Row],[Klasse]],Staal!$A$10:$D$13,4,FALSE),0) -> 150 | T22: =Tabel2640[[#This Row],[Praktisch terugwinbaar volume m³]]*Tabel2640[[#This Row],[Verkoopprijs per m³]] -> 0 | U22: =IF(OR($L22="Handmatig beoordelen",$L22="",$L22="Totaal",$I22=""),"Handmatig",IF($I22>=70%,"Ja","Nee")) -> Nee | V22: =IF(OR($L22="Handmatig beoordelen",$L22="",$L22="Totaal",$Q22=""),"Handmatig",IF(OR($Q22="Hergebruik",$Q22="Recycling",$Q22="Hergebruik en recycling",$Q22="Hergebruik en recycling gelijk"),"Ja","Nee")) -> Nee | W22: =IF(OR($L22="Handmatig beoordelen",$L22="",$L22="Totaal"),"Handmatig",IF($T22>0,"Ja","Nee")) -> Nee | X22: =IF(OR($U22="Handmatig",$V22="Handmatig",$W22="Handmatig"),"Handmatig beoordelen",IF(COUNTIF($U22:$W22,"Ja")>=2,"Interessant",IF(COUNTIF($U22:$W22,"Ja")=1,"Eigen beoordeling","Niet interessant"))) -> Niet interessant
A23: Staal | B23: Ramen | C23: ='Staal-data'!B10 -> 0 | D23: 4 | E23: 20 | F23: 5 | G23: 2 | H23: 2 | I23: =IFERROR(ROUND(AVERAGE(Tabel2640[[#This Row],[Demonteerbaarheid]],Tabel2640[[#This Row],[Materiaalconditie ]],Tabel2640[[#This Row],[Marktpotentie ]])/5,2),0) -> 0.6 | J23: =IF(Tabel2640[[#This Row],[PRR]]="","Handmatig beoordelen",IF(Tabel2640[[#This Row],[PRR]]>=0.75,"Hergebruik",IF(Tabel2640[[#This Row],[PRR]]>=0.4,"Hergebruik > recycling",IF(Tabel2640[[#This Row],[PRR]]>=0.15,"Recycling","Handmatig beoordelen")))) -> Hergebruik > recycling | K23: =IF(Tabel2640[[#This Row],[Routeadvies]]="Hergebruik",">= 0,75",IF(Tabel2640[[#This Row],[Routeadvies]]="Hergebruik > recycling",">= 0,4 en < 0,75",IF(Tabel2640[[#This Row],[Routeadvies]]="Recycling",">= 0,15 en < 0,4",IF(Tabel2640[[#This Row],[Routeadvies]]="Handmatig beoordelen","< 0,15 of geen score","")))) -> >= 0,4 en < 0,75 | L23: =IF($B23="Totaal","Totaal",IF(OR($B23="deuren",$B23="Balken",$B23="Liggers",$B23="Buisstaalconstructies",$B23="Kozijnen",$B23="Trappen",$B23="Hekwerken",$B23="Leuningen",$B23="ramen"),"Bijzonder staal",IF($G23="","Handmatig beoordelen",IF($G23>=4,"A-staal",IF($G23>=2,"B-staal",IF($G23>0,"C-staal","Handmatig beoordelen")))))) -> Bijzonder staal | M23: =IFERROR(Tabel2640[[#This Row],[BIM-volume m³]]*INDEX(Tabel17[CO2-nieuw (kg)],1)+Tabel2640[[#This Row],[BIM-volume m³]]*Tabel2640[[#This Row],[Transport Impact]]*IF(Tabel2640[[#This Row],[Transportafstand (km)]]="",0,Tabel2640[[#This Row],[Transportafstand (km)]]),0) -> 0 | N23: =IFERROR(Tabel2640[[#This Row],[BIM-volume m³]]*INDEX(Tabel17[CO2-Hergebruik (kg)],1)+Tabel2640[[#This Row],[BIM-volume m³]]*Tabel2640[[#This Row],[Transportafstand (km)]]*Tabel2640[[#This Row],[Transport Impact]],0) -> 0 | O23: =IFERROR(Tabel2640[[#This Row],[BIM-volume m³]]*Staal!$O$3+Tabel2640[[#This Row],[BIM-volume m³]]*Tabel2640[[#This Row],[Transport Impact]]*IF(Tabel2640[[#This Row],[Transportafstand (km)]]="",0,Tabel2640[[#This Row],[Transportafstand (km)]]),0) -> 0 | P23: =IFERROR(MAX(0,Tabel2640[[#This Row],[Tot. nieuw CO2 (kg)]]-MIN(IF(Tabel2640[[#This Row],[Tot. hergebruik CO2 (kg)]]=0,999999,Tabel2640[[#This Row],[Tot. hergebruik CO2 (kg)]]),IF(Tabel2640[[#This Row],[Tot. recycling Co2 (kg)]]=0,999999,Tabel2640[[#This Row],[Tot. recycling Co2 (kg)]]))),0) -> 0 | Q23: =IF(OR($M22="",$M22=0),"Geen beoordeling",IF(AND($N23=0,$O23=0),"Geen beoordeling",IF($N23<$O23,"Hergebruik",IF($O23<$N23,"Recycling","Hergebruik en recycling gelijk")))) -> Geen beoordeling | R23: =IFERROR(Tabel2640[[#This Row],[BIM-volume m³]]*Tabel2640[[#This Row],[PRR]],0) -> 0 | S23: =IFERROR(VLOOKUP(Tabel2640[[#This Row],[Klasse]],Staal!$A$10:$D$13,4,FALSE),0) -> 350 | T23: =Tabel2640[[#This Row],[Praktisch terugwinbaar volume m³]]*Tabel2640[[#This Row],[Verkoopprijs per m³]] -> 0 | U23: =IF(OR($L23="Handmatig beoordelen",$L23="",$L23="Totaal",$I23=""),"Handmatig",IF($I23>=70%,"Ja","Nee")) -> Nee | V23: =IF(OR($L23="Handmatig beoordelen",$L23="",$L23="Totaal",$Q23=""),"Handmatig",IF(OR($Q23="Hergebruik",$Q23="Recycling",$Q23="Hergebruik en recycling",$Q23="Hergebruik en recycling gelijk"),"Ja","Nee")) -> Nee | W23: =IF(OR($L23="Handmatig beoordelen",$L23="",$L23="Totaal"),"Handmatig",IF($T23>0,"Ja","Nee")) -> Nee | X23: =IF(OR($U23="Handmatig",$V23="Handmatig",$W23="Handmatig"),"Handmatig beoordelen",IF(COUNTIF($U23:$W23,"Ja")>=2,"Interessant",IF(COUNTIF($U23:$W23,"Ja")=1,"Eigen beoordeling","Niet interessant"))) -> Niet interessant
A24: Staal | B24: Trappen | C24: ='Staal-data'!B11 -> 0 | D24: 4 | E24: 20 | F24: 5 | G24: 4 | H24: 5 | I24: =IFERROR(ROUND(AVERAGE(Tabel2640[[#This Row],[Demonteerbaarheid]],Tabel2640[[#This Row],[Materiaalconditie ]],Tabel2640[[#This Row],[Marktpotentie ]])/5,2),0) -> 0.93 | J24: =IF(Tabel2640[[#This Row],[PRR]]="","Handmatig beoordelen",IF(Tabel2640[[#This Row],[PRR]]>=0.75,"Hergebruik",IF(Tabel2640[[#This Row],[PRR]]>=0.4,"Hergebruik > recycling",IF(Tabel2640[[#This Row],[PRR]]>=0.15,"Recycling","Handmatig beoordelen")))) -> Hergebruik | K24: =IF(Tabel2640[[#This Row],[Routeadvies]]="Hergebruik",">= 0,75",IF(Tabel2640[[#This Row],[Routeadvies]]="Hergebruik > recycling",">= 0,4 en < 0,75",IF(Tabel2640[[#This Row],[Routeadvies]]="Recycling",">= 0,15 en < 0,4",IF(Tabel2640[[#This Row],[Routeadvies]]="Handmatig beoordelen","< 0,15 of geen score","")))) -> >= 0,75 | L24: =IF($B24="Totaal","Totaal",IF(OR($B24="deuren",$B24="Balken",$B24="Liggers",$B24="Buisstaalconstructies",$B24="Kozijnen",$B24="Trappen",$B24="Hekwerken",$B24="Leuningen",$B24="ramen"),"Bijzonder staal",IF($G24="","Handmatig beoordelen",IF($G24>=4,"A-staal",IF($G24>=2,"B-staal",IF($G24>0,"C-staal","Handmatig beoordelen")))))) -> Bijzonder staal | M24: =IFERROR(Tabel2640[[#This Row],[BIM-volume m³]]*INDEX(Tabel17[CO2-nieuw (kg)],1)+Tabel2640[[#This Row],[BIM-volume m³]]*Tabel2640[[#This Row],[Transport Impact]]*IF(Tabel2640[[#This Row],[Transportafstand (km)]]="",0,Tabel2640[[#This Row],[Transportafstand (km)]]),0) -> 0 | N24: =IFERROR(Tabel2640[[#This Row],[BIM-volume m³]]*INDEX(Tabel17[CO2-Hergebruik (kg)],1)+Tabel2640[[#This Row],[BIM-volume m³]]*Tabel2640[[#This Row],[Transportafstand (km)]]*Tabel2640[[#This Row],[Transport Impact]],0) -> 0 | O24: =IFERROR(Tabel2640[[#This Row],[BIM-volume m³]]*Staal!$O$3+Tabel2640[[#This Row],[BIM-volume m³]]*Tabel2640[[#This Row],[Transport Impact]]*IF(Tabel2640[[#This Row],[Transportafstand (km)]]="",0,Tabel2640[[#This Row],[Transportafstand (km)]]),0) -> 0 | P24: =IFERROR(MAX(0,Tabel2640[[#This Row],[Tot. nieuw CO2 (kg)]]-MIN(IF(Tabel2640[[#This Row],[Tot. hergebruik CO2 (kg)]]=0,999999,Tabel2640[[#This Row],[Tot. hergebruik CO2 (kg)]]),IF(Tabel2640[[#This Row],[Tot. recycling Co2 (kg)]]=0,999999,Tabel2640[[#This Row],[Tot. recycling Co2 (kg)]]))),0) -> 0 | Q24: =IF(OR($M23="",$M23=0),"Geen beoordeling",IF(AND($N24=0,$O24=0),"Geen beoordeling",IF($N24<$O24,"Hergebruik",IF($O24<$N24,"Recycling","Hergebruik en recycling gelijk")))) -> Geen beoordeling | R24: =IFERROR(Tabel2640[[#This Row],[BIM-volume m³]]*Tabel2640[[#This Row],[PRR]],0) -> 0 | S24: =IFERROR(VLOOKUP(Tabel2640[[#This Row],[Klasse]],Staal!$A$10:$D$13,4,FALSE),0) -> 350 | T24: =Tabel2640[[#This Row],[Praktisch terugwinbaar volume m³]]*Tabel2640[[#This Row],[Verkoopprijs per m³]] -> 0 | U24: =IF(OR($L24="Handmatig beoordelen",$L24="",$L24="Totaal",$I24=""),"Handmatig",IF($I24>=70%,"Ja","Nee")) -> Ja | V24: =IF(OR($L24="Handmatig beoordelen",$L24="",$L24="Totaal",$Q24=""),"Handmatig",IF(OR($Q24="Hergebruik",$Q24="Recycling",$Q24="Hergebruik en recycling",$Q24="Hergebruik en recycling gelijk"),"Ja","Nee")) -> Nee | W24: =IF(OR($L24="Handmatig beoordelen",$L24="",$L24="Totaal"),"Handmatig",IF($T24>0,"Ja","Nee")) -> Nee | X24: =IF(OR($U24="Handmatig",$V24="Handmatig",$W24="Handmatig"),"Handmatig beoordelen",IF(COUNTIF($U24:$W24,"Ja")>=2,"Interessant",IF(COUNTIF($U24:$W24,"Ja")=1,"Eigen beoordeling","Niet interessant"))) -> Eigen beoordeling
A26: Materiaalstroom | B26: Bouwdeel uit BIM | C26: BIM-volume m³ | D26: Transport Impact | E26: Transportafstand (km) | F26: Demonteerbaarheid | G26: Materiaalconditie | H26: Marktpotentie | I26: PRR | J26: Routeadvies | K26: Grenswaarde | L26: Klasse | M26: Tot. nieuw CO2 (kg) | N26: Tot. hergebruik CO2 (kg) | O26: Tot. recycling Co2 (kg) | P26: Klimaatbesparing kg CO₂ | Q26: Routeadvies 2 | R26: Praktisch terugwinbaar volume m³ | S26: Verkoopprijs per m³ | T26: Financiële marktwaarde excl. kosten | U26: Recovery hoog? | V26: Klimaat positief? | W26: Financiele positief? | X26: Eindbeoordeling
A27: Beton | B27: Totaal | C27: ='Beton-data'!B2 -> 476.8 | D27: 4 | E27: ="" | F27: =AVERAGE(F28:F36) -> 3.2222222 | G27: =AVERAGE(G28:G36) -> 2.7777778 | H27: =AVERAGE(H28:H36) -> 2.3333333 | I27: =IFERROR(ROUND(AVERAGE(Tabel264041[[#This Row],[Demonteerbaarheid]],Tabel264041[[#This Row],[Materiaalconditie ]],Tabel264041[[#This Row],[Marktpotentie ]])/5,2),0) -> 0.56 | J27: =IF(Tabel264041[[#This Row],[PRR]]="","Handmatig beoordelen",IF(Tabel264041[[#This Row],[PRR]]>=0.9,"Hergebruik",IF(Tabel264041[[#This Row],[PRR]]>=0.7,"Hergebruik > recycling",IF(Tabel264041[[#This Row],[PRR]]>=0.35,"Recycling","Handmatig beoordelen")))) -> Recycling | K27: =IF(Tabel264041[[#This Row],[Routeadvies]]="Hergebruik",">= 0,9",IF(Tabel264041[[#This Row],[Routeadvies]]="Hergebruik > recycling",">= 0,7 en < 0,9",IF(Tabel264041[[#This Row],[Routeadvies]]="Recycling",">= 0,35 en < 0,7",IF(Tabel264041[[#This Row],[Routeadvies]]="Handmatig beoordelen","< 0,35","")))) -> >= 0,35 en < 0,7 | L27: =IF($B27="Totaal","Totaal",IF(OR($B27="Funderingen",$B27="Heipalen",$B27="Prefab elementen",$B27="Kanaalplaatvloeren",$B27="Breedplaatvloeren",$B27="Trappen",$B27="Gevelpanelen",$B27="ramen"),"Bijzonder beton",IF($G27="","Handmatig beoordelen",IF($G27>=4,"A-beton",IF($G27>=3,"B-beton",IF($G27>0,"C-beton","Handmatig beoordelen")))))) -> Totaal | M27: =SUM(M28:M36) -> 181184 | N27: =SUM(N28:N36) -> 133504 | O27: =SUM(O28:O36) -> 133504 | P27: =IFERROR(MAX(0,Tabel264041[[#This Row],[Tot. nieuw CO2 (kg)]]-MIN(IF(Tabel264041[[#This Row],[Tot. hergebruik CO2 (kg)]]=0,999999,Tabel264041[[#This Row],[Tot. hergebruik CO2 (kg)]]),IF(Tabel264041[[#This Row],[Tot. recycling Co2 (kg)]]=0,999999,Tabel264041[[#This Row],[Tot. recycling Co2 (kg)]]))),0) -> 47680 | Q27: =IF(OR($M27="",$M27=0),"Geen beoordeling",IF(AND($N27=0,$O27=0),"Geen beoordeling",IF($N27<$O27,"Hergebruik",IF($O27<$N27,"Recycling","Hergebruik en recycling gelijk")))) -> Hergebruik en recycling gelijk | R27: =IFERROR(Tabel264041[[#This Row],[BIM-volume m³]]*Tabel264041[[#This Row],[PRR]],0) -> 267.008 | S27: =IFERROR(VLOOKUP(Tabel264041[[#This Row],[Klasse]],Beton!$A$10:$D$13,4,FALSE),0) -> 0 | T27: =+Tabel264041[[#This Row],[Praktisch terugwinbaar volume m³]]*Tabel264041[[#This Row],[Verkoopprijs per m³]] -> 0 | U27: =IF(OR($L27="Handmatig beoordelen",$L27="",$L27="Totaal",$I27=""),"Handmatig",IF($I27>=70%,"Ja","Nee")) -> Handmatig | V27: =IF(OR($L27="Handmatig beoordelen",$L27="",$L27="Totaal",$Q27=""),"Handmatig",IF(OR($Q27="Hergebruik",$Q27="Recycling",$Q27="Hergebruik en recycling",$Q27="Hergebruik en recycling gelijk"),"Ja","Nee")) -> Handmatig | W27: =IF(OR($L27="Handmatig beoordelen",$L27="",$L27="Totaal"),"Handmatig",IF($T27>0,"Ja","Nee")) -> Handmatig | X27: =IF(OR($U27="Handmatig",$V27="Handmatig",$W27="Handmatig"),"Handmatig beoordelen",IF(COUNTIF($U27:$W27,"Ja")>=2,"Interessant",IF(COUNTIF($U27:$W27,"Ja")=1,"Eigen beoordeling","Niet interessant"))) -> Handmatig beoordelen
A28: Beton | B28: Plafonds | C28: ='Beton-data'!B3 -> 0 | D28: 4 | E28: 20 | F28: 1 | G28: 3 | H28: 3 | I28: =IFERROR(ROUND(AVERAGE(Tabel264041[[#This Row],[Demonteerbaarheid]],Tabel264041[[#This Row],[Materiaalconditie ]],Tabel264041[[#This Row],[Marktpotentie ]])/5,2),0) -> 0.47 | J28: =IF(Tabel264041[[#This Row],[PRR]]="","Handmatig beoordelen",IF(Tabel264041[[#This Row],[PRR]]>=0.9,"Hergebruik",IF(Tabel264041[[#This Row],[PRR]]>=0.7,"Hergebruik > recycling",IF(Tabel264041[[#This Row],[PRR]]>=0.35,"Recycling","Handmatig beoordelen")))) -> Recycling | K28: =IF(Tabel264041[[#This Row],[Routeadvies]]="Hergebruik",">= 0,9",IF(Tabel264041[[#This Row],[Routeadvies]]="Hergebruik > recycling",">= 0,7 en < 0,9",IF(Tabel264041[[#This Row],[Routeadvies]]="Recycling",">= 0,35 en < 0,7",IF(Tabel264041[[#This Row],[Routeadvies]]="Handmatig beoordelen","< 0,35","")))) -> >= 0,35 en < 0,7 | L28: =IF($B28="Totaal","Totaal",IF(OR($B28="Funderingen",$B28="Heipalen",$B28="Prefab elementen",$B28="Kanaalplaatvloeren",$B28="Breedplaatvloeren",$B28="Trappen",$B28="Gevelpanelen",$B28="ramen"),"Bijzonder beton",IF($G28="","Handmatig beoordelen",IF($G28>=4,"A-beton",IF($G28>=3,"B-beton",IF($G28>0,"C-beton","Handmatig beoordelen")))))) -> B-beton | M28: =IFERROR(Tabel264041[[#This Row],[BIM-volume m³]]*Beton!$M$3+Tabel264041[[#This Row],[BIM-volume m³]]*Tabel264041[[#This Row],[Transport Impact]]*IF(Tabel264041[[#This Row],[Transportafstand (km)]]="",0,Tabel264041[[#This Row],[Transportafstand (km)]]),0) -> 0 | N28: =IFERROR(Tabel264041[[#This Row],[BIM-volume m³]]*Beton!$N$3+Tabel264041[[#This Row],[BIM-volume m³]]*Tabel264041[[#This Row],[Transport Impact]]*IF(Tabel264041[[#This Row],[Transportafstand (km)]]="",0,Tabel264041[[#This Row],[Transportafstand (km)]]),0) -> 0 | O28: =IFERROR(Tabel264041[[#This Row],[BIM-volume m³]]*Beton!$O$3+Tabel264041[[#This Row],[BIM-volume m³]]*Tabel264041[[#This Row],[Transport Impact]]*IF(Tabel264041[[#This Row],[Transportafstand (km)]]="",0,Tabel264041[[#This Row],[Transportafstand (km)]]),0) -> 0 | P28: =IFERROR(MAX(0,Tabel264041[[#This Row],[Tot. nieuw CO2 (kg)]]-MIN(IF(Tabel264041[[#This Row],[Tot. hergebruik CO2 (kg)]]=0,999999,Tabel264041[[#This Row],[Tot. hergebruik CO2 (kg)]]),IF(Tabel264041[[#This Row],[Tot. recycling Co2 (kg)]]=0,999999,Tabel264041[[#This Row],[Tot. recycling Co2 (kg)]]))),0) -> 0 | Q28: =IF(OR($M28="",$M28=0),"Geen beoordeling",IF(AND($N28=0,$O28=0),"Geen beoordeling",IF($N28<$O28,"Hergebruik",IF($O28<$N28,"Recycling","Hergebruik en recycling gelijk")))) -> Geen beoordeling | R28: =IFERROR(Tabel264041[[#This Row],[BIM-volume m³]]*Tabel264041[[#This Row],[PRR]],0) -> 0 | S28: =IFERROR(VLOOKUP(Tabel264041[[#This Row],[Klasse]],Beton!$A$10:$D$13,4,FALSE),0) -> -7.5 | T28: =+Tabel264041[[#This Row],[Praktisch terugwinbaar volume m³]]*Tabel264041[[#This Row],[Verkoopprijs per m³]] -> 0 | U28: =IF(OR($L28="Handmatig beoordelen",$L28="",$L28="Totaal",$I28=""),"Handmatig",IF($I28>=70%,"Ja","Nee")) -> Nee | V28: =IF(OR($L28="Handmatig beoordelen",$L28="",$L28="Totaal",$Q28=""),"Handmatig",IF(OR($Q28="Hergebruik",$Q28="Recycling",$Q28="Hergebruik en recycling",$Q28="Hergebruik en recycling gelijk"),"Ja","Nee")) -> Nee | W28: =IF(OR($L28="Handmatig beoordelen",$L28="",$L28="Totaal"),"Handmatig",IF($T28>0,"Ja","Nee")) -> Nee | X28: =IF(OR($U28="Handmatig",$V28="Handmatig",$W28="Handmatig"),"Handmatig beoordelen",IF(COUNTIF($U28:$W28,"Ja")>=2,"Interessant",IF(COUNTIF($U28:$W28,"Ja")=1,"Eigen beoordeling","Niet interessant"))) -> Niet interessant
A29: Beton | B29: Kolommen | C29: ='Beton-data'!B4 -> 0 | D29: 4 | E29: 20 | F29: 1 | G29: 3 | H29: 2 | I29: =IFERROR(ROUND(AVERAGE(Tabel264041[[#This Row],[Demonteerbaarheid]],Tabel264041[[#This Row],[Materiaalconditie ]],Tabel264041[[#This Row],[Marktpotentie ]])/5,2),0) -> 0.4 | J29: =IF(Tabel264041[[#This Row],[PRR]]="","Handmatig beoordelen",IF(Tabel264041[[#This Row],[PRR]]>=0.9,"Hergebruik",IF(Tabel264041[[#This Row],[PRR]]>=0.7,"Hergebruik > recycling",IF(Tabel264041[[#This Row],[PRR]]>=0.35,"Recycling","Handmatig beoordelen")))) -> Recycling | K29: =IF(Tabel264041[[#This Row],[Routeadvies]]="Hergebruik",">= 0,9",IF(Tabel264041[[#This Row],[Routeadvies]]="Hergebruik > recycling",">= 0,7 en < 0,9",IF(Tabel264041[[#This Row],[Routeadvies]]="Recycling",">= 0,35 en < 0,7",IF(Tabel264041[[#This Row],[Routeadvies]]="Handmatig beoordelen","< 0,35","")))) -> >= 0,35 en < 0,7 | L29: =IF($B29="Totaal","Totaal",IF(OR($B29="Funderingen",$B29="Heipalen",$B29="Prefab elementen",$B29="Kanaalplaatvloeren",$B29="Breedplaatvloeren",$B29="Trappen",$B29="Gevelpanelen",$B29="ramen"),"Bijzonder beton",IF($G29="","Handmatig beoordelen",IF($G29>=4,"A-beton",IF($G29>=3,"B-beton",IF($G29>0,"C-beton","Handmatig beoordelen")))))) -> B-beton | M29: =IFERROR(Tabel264041[[#This Row],[BIM-volume m³]]*Beton!$M$3+Tabel264041[[#This Row],[BIM-volume m³]]*Tabel264041[[#This Row],[Transport Impact]]*IF(Tabel264041[[#This Row],[Transportafstand (km)]]="",0,Tabel264041[[#This Row],[Transportafstand (km)]]),0) -> 0 | N29: =IFERROR(Tabel264041[[#This Row],[BIM-volume m³]]*Beton!$N$3+Tabel264041[[#This Row],[BIM-volume m³]]*Tabel264041[[#This Row],[Transport Impact]]*IF(Tabel264041[[#This Row],[Transportafstand (km)]]="",0,Tabel264041[[#This Row],[Transportafstand (km)]]),0) -> 0 | O29: =IFERROR(Tabel264041[[#This Row],[BIM-volume m³]]*Beton!$O$3+Tabel264041[[#This Row],[BIM-volume m³]]*Tabel264041[[#This Row],[Transport Impact]]*IF(Tabel264041[[#This Row],[Transportafstand (km)]]="",0,Tabel264041[[#This Row],[Transportafstand (km)]]),0) -> 0 | P29: =IFERROR(MAX(0,Tabel264041[[#This Row],[Tot. nieuw CO2 (kg)]]-MIN(IF(Tabel264041[[#This Row],[Tot. hergebruik CO2 (kg)]]=0,999999,Tabel264041[[#This Row],[Tot. hergebruik CO2 (kg)]]),IF(Tabel264041[[#This Row],[Tot. recycling Co2 (kg)]]=0,999999,Tabel264041[[#This Row],[Tot. recycling Co2 (kg)]]))),0) -> 0 | Q29: =IF(OR($M29="",$M29=0),"Geen beoordeling",IF(AND($N29=0,$O29=0),"Geen beoordeling",IF($N29<$O29,"Hergebruik",IF($O29<$N29,"Recycling","Hergebruik en recycling gelijk")))) -> Geen beoordeling | R29: =IFERROR(Tabel264041[[#This Row],[BIM-volume m³]]*Tabel264041[[#This Row],[PRR]],0) -> 0 | S29: =IFERROR(VLOOKUP(Tabel264041[[#This Row],[Klasse]],Beton!$A$10:$D$13,4,FALSE),0) -> -7.5 | T29: =+Tabel264041[[#This Row],[Praktisch terugwinbaar volume m³]]*Tabel264041[[#This Row],[Verkoopprijs per m³]] -> 0 | U29: =IF(OR($L29="Handmatig beoordelen",$L29="",$L29="Totaal",$I29=""),"Handmatig",IF($I29>=70%,"Ja","Nee")) -> Nee | V29: =IF(OR($L29="Handmatig beoordelen",$L29="",$L29="Totaal",$Q29=""),"Handmatig",IF(OR($Q29="Hergebruik",$Q29="Recycling",$Q29="Hergebruik en recycling",$Q29="Hergebruik en recycling gelijk"),"Ja","Nee")) -> Nee | W29: =IF(OR($L29="Handmatig beoordelen",$L29="",$L29="Totaal"),"Handmatig",IF($T29>0,"Ja","Nee")) -> Nee | X29: =IF(OR($U29="Handmatig",$V29="Handmatig",$W29="Handmatig"),"Handmatig beoordelen",IF(COUNTIF($U29:$W29,"Ja")>=2,"Interessant",IF(COUNTIF($U29:$W29,"Ja")=1,"Eigen beoordeling","Niet interessant"))) -> Niet interessant
A30: Beton | B30: Gevelpanelen | C30: ='Beton-data'!B5 -> 0 | D30: 4 | E30: 20 | F30: 5 | G30: 4 | H30: 3 | I30: =IFERROR(ROUND(AVERAGE(Tabel264041[[#This Row],[Demonteerbaarheid]],Tabel264041[[#This Row],[Materiaalconditie ]],Tabel264041[[#This Row],[Marktpotentie ]])/5,2),0) -> 0.8 | J30: =IF(Tabel264041[[#This Row],[PRR]]="","Handmatig beoordelen",IF(Tabel264041[[#This Row],[PRR]]>=0.9,"Hergebruik",IF(Tabel264041[[#This Row],[PRR]]>=0.7,"Hergebruik > recycling",IF(Tabel264041[[#This Row],[PRR]]>=0.35,"Recycling","Handmatig beoordelen")))) -> Hergebruik > recycling | K30: =IF(Tabel264041[[#This Row],[Routeadvies]]="Hergebruik",">= 0,9",IF(Tabel264041[[#This Row],[Routeadvies]]="Hergebruik > recycling",">= 0,7 en < 0,9",IF(Tabel264041[[#This Row],[Routeadvies]]="Recycling",">= 0,35 en < 0,7",IF(Tabel264041[[#This Row],[Routeadvies]]="Handmatig beoordelen","< 0,35","")))) -> >= 0,7 en < 0,9 | L30: =IF($B30="Totaal","Totaal",IF(OR($B30="Funderingen",$B30="Heipalen",$B30="Prefab elementen",$B30="Kanaalplaatvloeren",$B30="Breedplaatvloeren",$B30="Trappen",$B30="Gevelpanelen",$B30="ramen"),"Bijzonder beton",IF($G30="","Handmatig beoordelen",IF($G30>=4,"A-beton",IF($G30>=3,"B-beton",IF($G30>0,"C-beton","Handmatig beoordelen")))))) -> Bijzonder beton | M30: =IFERROR(Tabel264041[[#This Row],[BIM-volume m³]]*Beton!$M$3+Tabel264041[[#This Row],[BIM-volume m³]]*Tabel264041[[#This Row],[Transport Impact]]*IF(Tabel264041[[#This Row],[Transportafstand (km)]]="",0,Tabel264041[[#This Row],[Transportafstand (km)]]),0) -> 0 | N30: =IFERROR(Tabel264041[[#This Row],[BIM-volume m³]]*Beton!$N$3+Tabel264041[[#This Row],[BIM-volume m³]]*Tabel264041[[#This Row],[Transport Impact]]*IF(Tabel264041[[#This Row],[Transportafstand (km)]]="",0,Tabel264041[[#This Row],[Transportafstand (km)]]),0) -> 0 | O30: =IFERROR(Tabel264041[[#This Row],[BIM-volume m³]]*Beton!$O$3+Tabel264041[[#This Row],[BIM-volume m³]]*Tabel264041[[#This Row],[Transport Impact]]*IF(Tabel264041[[#This Row],[Transportafstand (km)]]="",0,Tabel264041[[#This Row],[Transportafstand (km)]]),0) -> 0 | P30: =IFERROR(MAX(0,Tabel264041[[#This Row],[Tot. nieuw CO2 (kg)]]-MIN(IF(Tabel264041[[#This Row],[Tot. hergebruik CO2 (kg)]]=0,999999,Tabel264041[[#This Row],[Tot. hergebruik CO2 (kg)]]),IF(Tabel264041[[#This Row],[Tot. recycling Co2 (kg)]]=0,999999,Tabel264041[[#This Row],[Tot. recycling Co2 (kg)]]))),0) -> 0 | Q30: =IF(OR($M30="",$M30=0),"Geen beoordeling",IF(AND($N30=0,$O30=0),"Geen beoordeling",IF($N30<$O30,"Hergebruik",IF($O30<$N30,"Recycling","Hergebruik en recycling gelijk")))) -> Geen beoordeling | R30: =IFERROR(Tabel264041[[#This Row],[BIM-volume m³]]*Tabel264041[[#This Row],[PRR]],0) -> 0 | S30: =IFERROR(VLOOKUP(Tabel264041[[#This Row],[Klasse]],Beton!$A$10:$D$13,4,FALSE),0) -> 0 | T30: =+Tabel264041[[#This Row],[Praktisch terugwinbaar volume m³]]*Tabel264041[[#This Row],[Verkoopprijs per m³]] -> 0 | U30: =IF(OR($L30="Handmatig beoordelen",$L30="",$L30="Totaal",$I30=""),"Handmatig",IF($I30>=70%,"Ja","Nee")) -> Ja | V30: =IF(OR($L30="Handmatig beoordelen",$L30="",$L30="Totaal",$Q30=""),"Handmatig",IF(OR($Q30="Hergebruik",$Q30="Recycling",$Q30="Hergebruik en recycling",$Q30="Hergebruik en recycling gelijk"),"Ja","Nee")) -> Nee | W30: =IF(OR($L30="Handmatig beoordelen",$L30="",$L30="Totaal"),"Handmatig",IF($T30>0,"Ja","Nee")) -> Nee | X30: =IF(OR($U30="Handmatig",$V30="Handmatig",$W30="Handmatig"),"Handmatig beoordelen",IF(COUNTIF($U30:$W30,"Ja")>=2,"Interessant",IF(COUNTIF($U30:$W30,"Ja")=1,"Eigen beoordeling","Niet interessant"))) -> Eigen beoordeling
A31: Beton | B31: Deuren | C31: ='Beton-data'!B6 -> 0 | D31: 4 | E31: 20 | F31: 5 | G31: 3 | H31: 2 | I31: =IFERROR(ROUND(AVERAGE(Tabel264041[[#This Row],[Demonteerbaarheid]],Tabel264041[[#This Row],[Materiaalconditie ]],Tabel264041[[#This Row],[Marktpotentie ]])/5,2),0) -> 0.67 | J31: =IF(Tabel264041[[#This Row],[PRR]]="","Handmatig beoordelen",IF(Tabel264041[[#This Row],[PRR]]>=0.9,"Hergebruik",IF(Tabel264041[[#This Row],[PRR]]>=0.7,"Hergebruik > recycling",IF(Tabel264041[[#This Row],[PRR]]>=0.35,"Recycling","Handmatig beoordelen")))) -> Recycling | K31: =IF(Tabel264041[[#This Row],[Routeadvies]]="Hergebruik",">= 0,9",IF(Tabel264041[[#This Row],[Routeadvies]]="Hergebruik > recycling",">= 0,7 en < 0,9",IF(Tabel264041[[#This Row],[Routeadvies]]="Recycling",">= 0,35 en < 0,7",IF(Tabel264041[[#This Row],[Routeadvies]]="Handmatig beoordelen","< 0,35","")))) -> >= 0,35 en < 0,7 | L31: =IF($B31="Totaal","Totaal",IF(OR($B31="Funderingen",$B31="Heipalen",$B31="Prefab elementen",$B31="Kanaalplaatvloeren",$B31="Breedplaatvloeren",$B31="Trappen",$B31="Gevelpanelen",$B31="ramen"),"Bijzonder beton",IF($G31="","Handmatig beoordelen",IF($G31>=4,"A-beton",IF($G31>=3,"B-beton",IF($G31>0,"C-beton","Handmatig beoordelen")))))) -> B-beton | M31: =IFERROR(Tabel264041[[#This Row],[BIM-volume m³]]*Beton!$M$3+Tabel264041[[#This Row],[BIM-volume m³]]*Tabel264041[[#This Row],[Transport Impact]]*IF(Tabel264041[[#This Row],[Transportafstand (km)]]="",0,Tabel264041[[#This Row],[Transportafstand (km)]]),0) -> 0 | N31: =IFERROR(Tabel264041[[#This Row],[BIM-volume m³]]*Beton!$N$3+Tabel264041[[#This Row],[BIM-volume m³]]*Tabel264041[[#This Row],[Transport Impact]]*IF(Tabel264041[[#This Row],[Transportafstand (km)]]="",0,Tabel264041[[#This Row],[Transportafstand (km)]]),0) -> 0 | O31: =IFERROR(Tabel264041[[#This Row],[BIM-volume m³]]*Beton!$O$3+Tabel264041[[#This Row],[BIM-volume m³]]*Tabel264041[[#This Row],[Transport Impact]]*IF(Tabel264041[[#This Row],[Transportafstand (km)]]="",0,Tabel264041[[#This Row],[Transportafstand (km)]]),0) -> 0 | P31: =IFERROR(MAX(0,Tabel264041[[#This Row],[Tot. nieuw CO2 (kg)]]-MIN(IF(Tabel264041[[#This Row],[Tot. hergebruik CO2 (kg)]]=0,999999,Tabel264041[[#This Row],[Tot. hergebruik CO2 (kg)]]),IF(Tabel264041[[#This Row],[Tot. recycling Co2 (kg)]]=0,999999,Tabel264041[[#This Row],[Tot. recycling Co2 (kg)]]))),0) -> 0 | Q31: =IF(OR($M31="",$M31=0),"Geen beoordeling",IF(AND($N31=0,$O31=0),"Geen beoordeling",IF($N31<$O31,"Hergebruik",IF($O31<$N31,"Recycling","Hergebruik en recycling gelijk")))) -> Geen beoordeling | R31: =IFERROR(Tabel264041[[#This Row],[BIM-volume m³]]*Tabel264041[[#This Row],[PRR]],0) -> 0 | S31: =IFERROR(VLOOKUP(Tabel264041[[#This Row],[Klasse]],Beton!$A$10:$D$13,4,FALSE),0) -> -7.5 | T31: =+Tabel264041[[#This Row],[Praktisch terugwinbaar volume m³]]*Tabel264041[[#This Row],[Verkoopprijs per m³]] -> 0 | U31: =IF(OR($L31="Handmatig beoordelen",$L31="",$L31="Totaal",$I31=""),"Handmatig",IF($I31>=70%,"Ja","Nee")) -> Nee | V31: =IF(OR($L31="Handmatig beoordelen",$L31="",$L31="Totaal",$Q31=""),"Handmatig",IF(OR($Q31="Hergebruik",$Q31="Recycling",$Q31="Hergebruik en recycling",$Q31="Hergebruik en recycling gelijk"),"Ja","Nee")) -> Nee | W31: =IF(OR($L31="Handmatig beoordelen",$L31="",$L31="Totaal"),"Handmatig",IF($T31>0,"Ja","Nee")) -> Nee | X31: =IF(OR($U31="Handmatig",$V31="Handmatig",$W31="Handmatig"),"Handmatig beoordelen",IF(COUNTIF($U31:$W31,"Ja")>=2,"Interessant",IF(COUNTIF($U31:$W31,"Ja")=1,"Eigen beoordeling","Niet interessant"))) -> Niet interessant
A32: Beton | B32: Vloeren | C32: ='Beton-data'!B7 -> 115.94 | D32: 4 | E32: 20 | F32: 1 | G32: 2 | H32: 3 | I32: =IFERROR(ROUND(AVERAGE(Tabel264041[[#This Row],[Demonteerbaarheid]],Tabel264041[[#This Row],[Materiaalconditie ]],Tabel264041[[#This Row],[Marktpotentie ]])/5,2),0) -> 0.4 | J32: =IF(Tabel264041[[#This Row],[PRR]]="","Handmatig beoordelen",IF(Tabel264041[[#This Row],[PRR]]>=0.9,"Hergebruik",IF(Tabel264041[[#This Row],[PRR]]>=0.7,"Hergebruik > recycling",IF(Tabel264041[[#This Row],[PRR]]>=0.35,"Recycling","Handmatig beoordelen")))) -> Recycling | K32: =IF(Tabel264041[[#This Row],[Routeadvies]]="Hergebruik",">= 0,9",IF(Tabel264041[[#This Row],[Routeadvies]]="Hergebruik > recycling",">= 0,7 en < 0,9",IF(Tabel264041[[#This Row],[Routeadvies]]="Recycling",">= 0,35 en < 0,7",IF(Tabel264041[[#This Row],[Routeadvies]]="Handmatig beoordelen","< 0,35","")))) -> >= 0,35 en < 0,7 | L32: =IF($B32="Totaal","Totaal",IF(OR($B32="Funderingen",$B32="Heipalen",$B32="Prefab elementen",$B32="Kanaalplaatvloeren",$B32="Breedplaatvloeren",$B32="Trappen",$B32="Gevelpanelen",$B32="ramen"),"Bijzonder beton",IF($G32="","Handmatig beoordelen",IF($G32>=4,"A-beton",IF($G32>=3,"B-beton",IF($G32>0,"C-beton","Handmatig beoordelen")))))) -> C-beton | M32: =IFERROR(Tabel264041[[#This Row],[BIM-volume m³]]*Beton!$M$3+Tabel264041[[#This Row],[BIM-volume m³]]*Tabel264041[[#This Row],[Transport Impact]]*IF(Tabel264041[[#This Row],[Transportafstand (km)]]="",0,Tabel264041[[#This Row],[Transportafstand (km)]]),0) -> 44057.2 | N32: =IFERROR(Tabel264041[[#This Row],[BIM-volume m³]]*Beton!$N$3+Tabel264041[[#This Row],[BIM-volume m³]]*Tabel264041[[#This Row],[Transport Impact]]*IF(Tabel264041[[#This Row],[Transportafstand (km)]]="",0,Tabel264041[[#This Row],[Transportafstand (km)]]),0) -> 32463.2 | O32: =IFERROR(Tabel264041[[#This Row],[BIM-volume m³]]*Beton!$O$3+Tabel264041[[#This Row],[BIM-volume m³]]*Tabel264041[[#This Row],[Transport Impact]]*IF(Tabel264041[[#This Row],[Transportafstand (km)]]="",0,Tabel264041[[#This Row],[Transportafstand (km)]]),0) -> 32463.2 | P32: =IFERROR(MAX(0,Tabel264041[[#This Row],[Tot. nieuw CO2 (kg)]]-MIN(IF(Tabel264041[[#This Row],[Tot. hergebruik CO2 (kg)]]=0,999999,Tabel264041[[#This Row],[Tot. hergebruik CO2 (kg)]]),IF(Tabel264041[[#This Row],[Tot. recycling Co2 (kg)]]=0,999999,Tabel264041[[#This Row],[Tot. recycling Co2 (kg)]]))),0) -> 11594 | Q32: =IF(OR($M32="",$M32=0),"Geen beoordeling",IF(AND($N32=0,$O32=0),"Geen beoordeling",IF($N32<$O32,"Hergebruik",IF($O32<$N32,"Recycling","Hergebruik en recycling gelijk")))) -> Hergebruik en recycling gelijk | R32: =IFERROR(Tabel264041[[#This Row],[BIM-volume m³]]*Tabel264041[[#This Row],[PRR]],0) -> 46.376 | S32: =IFERROR(VLOOKUP(Tabel264041[[#This Row],[Klasse]],Beton!$A$10:$D$13,4,FALSE),0) -> -22.5 | T32: =+Tabel264041[[#This Row],[Praktisch terugwinbaar volume m³]]*Tabel264041[[#This Row],[Verkoopprijs per m³]] -> -1043.46 | U32: =IF(OR($L32="Handmatig beoordelen",$L32="",$L32="Totaal",$I32=""),"Handmatig",IF($I32>=70%,"Ja","Nee")) -> Nee | V32: =IF(OR($L32="Handmatig beoordelen",$L32="",$L32="Totaal",$Q32=""),"Handmatig",IF(OR($Q32="Hergebruik",$Q32="Recycling",$Q32="Hergebruik en recycling",$Q32="Hergebruik en recycling gelijk"),"Ja","Nee")) -> Ja | W32: =IF(OR($L32="Handmatig beoordelen",$L32="",$L32="Totaal"),"Handmatig",IF($T32>0,"Ja","Nee")) -> Nee | X32: =IF(OR($U32="Handmatig",$V32="Handmatig",$W32="Handmatig"),"Handmatig beoordelen",IF(COUNTIF($U32:$W32,"Ja")>=2,"Interessant",IF(COUNTIF($U32:$W32,"Ja")=1,"Eigen beoordeling","Niet interessant"))) -> Eigen beoordeling
A33: Beton | B33: Daken | C33: ='Beton-data'!B8 -> 6.58 | D33: 4 | E33: 20 | F33: 5 | G33: 3 | H33: 1 | I33: =IFERROR(ROUND(AVERAGE(Tabel264041[[#This Row],[Demonteerbaarheid]],Tabel264041[[#This Row],[Materiaalconditie ]],Tabel264041[[#This Row],[Marktpotentie ]])/5,2),0) -> 0.6 | J33: =IF(Tabel264041[[#This Row],[PRR]]="","Handmatig beoordelen",IF(Tabel264041[[#This Row],[PRR]]>=0.9,"Hergebruik",IF(Tabel264041[[#This Row],[PRR]]>=0.7,"Hergebruik > recycling",IF(Tabel264041[[#This Row],[PRR]]>=0.35,"Recycling","Handmatig beoordelen")))) -> Recycling | K33: =IF(Tabel264041[[#This Row],[Routeadvies]]="Hergebruik",">= 0,9",IF(Tabel264041[[#This Row],[Routeadvies]]="Hergebruik > recycling",">= 0,7 en < 0,9",IF(Tabel264041[[#This Row],[Routeadvies]]="Recycling",">= 0,35 en < 0,7",IF(Tabel264041[[#This Row],[Routeadvies]]="Handmatig beoordelen","< 0,35","")))) -> >= 0,35 en < 0,7 | L33: =IF($B33="Totaal","Totaal",IF(OR($B33="Funderingen",$B33="Heipalen",$B33="Prefab elementen",$B33="Kanaalplaatvloeren",$B33="Breedplaatvloeren",$B33="Trappen",$B33="Gevelpanelen",$B33="ramen"),"Bijzonder beton",IF($G33="","Handmatig beoordelen",IF($G33>=4,"A-beton",IF($G33>=3,"B-beton",IF($G33>0,"C-beton","Handmatig beoordelen")))))) -> B-beton | M33: =IFERROR(Tabel264041[[#This Row],[BIM-volume m³]]*Beton!$M$3+Tabel264041[[#This Row],[BIM-volume m³]]*Tabel264041[[#This Row],[Transport Impact]]*IF(Tabel264041[[#This Row],[Transportafstand (km)]]="",0,Tabel264041[[#This Row],[Transportafstand (km)]]),0) -> 2500.4 | N33: =IFERROR(Tabel264041[[#This Row],[BIM-volume m³]]*Beton!$N$3+Tabel264041[[#This Row],[BIM-volume m³]]*Tabel264041[[#This Row],[Transport Impact]]*IF(Tabel264041[[#This Row],[Transportafstand (km)]]="",0,Tabel264041[[#This Row],[Transportafstand (km)]]),0) -> 1842.4 | O33: =IFERROR(Tabel264041[[#This Row],[BIM-volume m³]]*Beton!$O$3+Tabel264041[[#This Row],[BIM-volume m³]]*Tabel264041[[#This Row],[Transport Impact]]*IF(Tabel264041[[#This Row],[Transportafstand (km)]]="",0,Tabel264041[[#This Row],[Transportafstand (km)]]),0) -> 1842.4 | P33: =IFERROR(MAX(0,Tabel264041[[#This Row],[Tot. nieuw CO2 (kg)]]-MIN(IF(Tabel264041[[#This Row],[Tot. hergebruik CO2 (kg)]]=0,999999,Tabel264041[[#This Row],[Tot. hergebruik CO2 (kg)]]),IF(Tabel264041[[#This Row],[Tot. recycling Co2 (kg)]]=0,999999,Tabel264041[[#This Row],[Tot. recycling Co2 (kg)]]))),0) -> 658 | Q33: =IF(OR($M33="",$M33=0),"Geen beoordeling",IF(AND($N33=0,$O33=0),"Geen beoordeling",IF($N33<$O33,"Hergebruik",IF($O33<$N33,"Recycling","Hergebruik en recycling gelijk")))) -> Hergebruik en recycling gelijk | R33: =IFERROR(Tabel264041[[#This Row],[BIM-volume m³]]*Tabel264041[[#This Row],[PRR]],0) -> 3.948 | S33: =IFERROR(VLOOKUP(Tabel264041[[#This Row],[Klasse]],Beton!$A$10:$D$13,4,FALSE),0) -> -7.5 | T33: =+Tabel264041[[#This Row],[Praktisch terugwinbaar volume m³]]*Tabel264041[[#This Row],[Verkoopprijs per m³]] -> -29.61 | U33: =IF(OR($L33="Handmatig beoordelen",$L33="",$L33="Totaal",$I33=""),"Handmatig",IF($I33>=70%,"Ja","Nee")) -> Nee | V33: =IF(OR($L33="Handmatig beoordelen",$L33="",$L33="Totaal",$Q33=""),"Handmatig",IF(OR($Q33="Hergebruik",$Q33="Recycling",$Q33="Hergebruik en recycling",$Q33="Hergebruik en recycling gelijk"),"Ja","Nee")) -> Ja | W33: =IF(OR($L33="Handmatig beoordelen",$L33="",$L33="Totaal"),"Handmatig",IF($T33>0,"Ja","Nee")) -> Nee | X33: =IF(OR($U33="Handmatig",$V33="Handmatig",$W33="Handmatig"),"Handmatig beoordelen",IF(COUNTIF($U33:$W33,"Ja")>=2,"Interessant",IF(COUNTIF($U33:$W33,"Ja")=1,"Eigen beoordeling","Niet interessant"))) -> Eigen beoordeling
A34: Beton | B34: Wanden | C34: ='Beton-data'!B9 -> 354.28 | D34: 4 | E34: 20 | F34: 1 | G34: 2 | H34: 2 | I34: =IFERROR(ROUND(AVERAGE(Tabel264041[[#This Row],[Demonteerbaarheid]],Tabel264041[[#This Row],[Materiaalconditie ]],Tabel264041[[#This Row],[Marktpotentie ]])/5,2),0) -> 0.33 | J34: =IF(Tabel264041[[#This Row],[PRR]]="","Handmatig beoordelen",IF(Tabel264041[[#This Row],[PRR]]>=0.9,"Hergebruik",IF(Tabel264041[[#This Row],[PRR]]>=0.7,"Hergebruik > recycling",IF(Tabel264041[[#This Row],[PRR]]>=0.35,"Recycling","Handmatig beoordelen")))) -> Handmatig beoordelen | K34: =IF(Tabel264041[[#This Row],[Routeadvies]]="Hergebruik",">= 0,9",IF(Tabel264041[[#This Row],[Routeadvies]]="Hergebruik > recycling",">= 0,7 en < 0,9",IF(Tabel264041[[#This Row],[Routeadvies]]="Recycling",">= 0,35 en < 0,7",IF(Tabel264041[[#This Row],[Routeadvies]]="Handmatig beoordelen","< 0,35","")))) -> < 0,35 | L34: =IF($B34="Totaal","Totaal",IF(OR($B34="Funderingen",$B34="Heipalen",$B34="Prefab elementen",$B34="Kanaalplaatvloeren",$B34="Breedplaatvloeren",$B34="Trappen",$B34="Gevelpanelen",$B34="ramen"),"Bijzonder beton",IF($G34="","Handmatig beoordelen",IF($G34>=4,"A-beton",IF($G34>=3,"B-beton",IF($G34>0,"C-beton","Handmatig beoordelen")))))) -> C-beton | M34: =IFERROR(Tabel264041[[#This Row],[BIM-volume m³]]*Beton!$M$3+Tabel264041[[#This Row],[BIM-volume m³]]*Tabel264041[[#This Row],[Transport Impact]]*IF(Tabel264041[[#This Row],[Transportafstand (km)]]="",0,Tabel264041[[#This Row],[Transportafstand (km)]]),0) -> 134626.4 | N34: =IFERROR(Tabel264041[[#This Row],[BIM-volume m³]]*Beton!$N$3+Tabel264041[[#This Row],[BIM-volume m³]]*Tabel264041[[#This Row],[Transport Impact]]*IF(Tabel264041[[#This Row],[Transportafstand (km)]]="",0,Tabel264041[[#This Row],[Transportafstand (km)]]),0) -> 99198.4 | O34: =IFERROR(Tabel264041[[#This Row],[BIM-volume m³]]*Beton!$O$3+Tabel264041[[#This Row],[BIM-volume m³]]*Tabel264041[[#This Row],[Transport Impact]]*IF(Tabel264041[[#This Row],[Transportafstand (km)]]="",0,Tabel264041[[#This Row],[Transportafstand (km)]]),0) -> 99198.4 | P34: =IFERROR(MAX(0,Tabel264041[[#This Row],[Tot. nieuw CO2 (kg)]]-MIN(IF(Tabel264041[[#This Row],[Tot. hergebruik CO2 (kg)]]=0,999999,Tabel264041[[#This Row],[Tot. hergebruik CO2 (kg)]]),IF(Tabel264041[[#This Row],[Tot. recycling Co2 (kg)]]=0,999999,Tabel264041[[#This Row],[Tot. recycling Co2 (kg)]]))),0) -> 35428 | Q34: =IF(OR($M34="",$M34=0),"Geen beoordeling",IF(AND($N34=0,$O34=0),"Geen beoordeling",IF($N34<$O34,"Hergebruik",IF($O34<$N34,"Recycling","Hergebruik en recycling gelijk")))) -> Hergebruik en recycling gelijk | R34: =IFERROR(Tabel264041[[#This Row],[BIM-volume m³]]*Tabel264041[[#This Row],[PRR]],0) -> 116.9124 | S34: =IFERROR(VLOOKUP(Tabel264041[[#This Row],[Klasse]],Beton!$A$10:$D$13,4,FALSE),0) -> -22.5 | T34: =+Tabel264041[[#This Row],[Praktisch terugwinbaar volume m³]]*Tabel264041[[#This Row],[Verkoopprijs per m³]] -> -2630.529 | U34: =IF(OR($L34="Handmatig beoordelen",$L34="",$L34="Totaal",$I34=""),"Handmatig",IF($I34>=70%,"Ja","Nee")) -> Nee | V34: =IF(OR($L34="Handmatig beoordelen",$L34="",$L34="Totaal",$Q34=""),"Handmatig",IF(OR($Q34="Hergebruik",$Q34="Recycling",$Q34="Hergebruik en recycling",$Q34="Hergebruik en recycling gelijk"),"Ja","Nee")) -> Ja | W34: =IF(OR($L34="Handmatig beoordelen",$L34="",$L34="Totaal"),"Handmatig",IF($T34>0,"Ja","Nee")) -> Nee | X34: =IF(OR($U34="Handmatig",$V34="Handmatig",$W34="Handmatig"),"Handmatig beoordelen",IF(COUNTIF($U34:$W34,"Ja")>=2,"Interessant",IF(COUNTIF($U34:$W34,"Ja")=1,"Eigen beoordeling","Niet interessant"))) -> Eigen beoordeling
A35: Beton | B35: Ramen | C35: ='Beton-data'!B10 -> 0 | D35: 4 | E35: 20 | F35: 5 | G35: 1 | H35: 2 | I35: =IFERROR(ROUND(AVERAGE(Tabel264041[[#This Row],[Demonteerbaarheid]],Tabel264041[[#This Row],[Materiaalconditie ]],Tabel264041[[#This Row],[Marktpotentie ]])/5,2),0) -> 0.53 | J35: =IF(Tabel264041[[#This Row],[PRR]]="","Handmatig beoordelen",IF(Tabel264041[[#This Row],[PRR]]>=0.9,"Hergebruik",IF(Tabel264041[[#This Row],[PRR]]>=0.7,"Hergebruik > recycling",IF(Tabel264041[[#This Row],[PRR]]>=0.35,"Recycling","Handmatig beoordelen")))) -> Recycling | K35: =IF(Tabel264041[[#This Row],[Routeadvies]]="Hergebruik",">= 0,9",IF(Tabel264041[[#This Row],[Routeadvies]]="Hergebruik > recycling",">= 0,7 en < 0,9",IF(Tabel264041[[#This Row],[Routeadvies]]="Recycling",">= 0,35 en < 0,7",IF(Tabel264041[[#This Row],[Routeadvies]]="Handmatig beoordelen","< 0,35","")))) -> >= 0,35 en < 0,7 | L35: =IF($B35="Totaal","Totaal",IF(OR($B35="Funderingen",$B35="Heipalen",$B35="Prefab elementen",$B35="Kanaalplaatvloeren",$B35="Breedplaatvloeren",$B35="Trappen",$B35="Gevelpanelen",$B35="ramen"),"Bijzonder beton",IF($G35="","Handmatig beoordelen",IF($G35>=4,"A-beton",IF($G35>=3,"B-beton",IF($G35>0,"C-beton","Handmatig beoordelen")))))) -> Bijzonder beton | M35: =IFERROR(Tabel264041[[#This Row],[BIM-volume m³]]*Beton!$M$3+Tabel264041[[#This Row],[BIM-volume m³]]*Tabel264041[[#This Row],[Transport Impact]]*IF(Tabel264041[[#This Row],[Transportafstand (km)]]="",0,Tabel264041[[#This Row],[Transportafstand (km)]]),0) -> 0 | N35: =IFERROR(Tabel264041[[#This Row],[BIM-volume m³]]*Beton!$N$3+Tabel264041[[#This Row],[BIM-volume m³]]*Tabel264041[[#This Row],[Transport Impact]]*IF(Tabel264041[[#This Row],[Transportafstand (km)]]="",0,Tabel264041[[#This Row],[Transportafstand (km)]]),0) -> 0 | O35: =IFERROR(Tabel264041[[#This Row],[BIM-volume m³]]*Beton!$O$3+Tabel264041[[#This Row],[BIM-volume m³]]*Tabel264041[[#This Row],[Transport Impact]]*IF(Tabel264041[[#This Row],[Transportafstand (km)]]="",0,Tabel264041[[#This Row],[Transportafstand (km)]]),0) -> 0 | P35: =IFERROR(MAX(0,Tabel264041[[#This Row],[Tot. nieuw CO2 (kg)]]-MIN(IF(Tabel264041[[#This Row],[Tot. hergebruik CO2 (kg)]]=0,999999,Tabel264041[[#This Row],[Tot. hergebruik CO2 (kg)]]),IF(Tabel264041[[#This Row],[Tot. recycling Co2 (kg)]]=0,999999,Tabel264041[[#This Row],[Tot. recycling Co2 (kg)]]))),0) -> 0 | Q35: =IF(OR($M35="",$M35=0),"Geen beoordeling",IF(AND($N35=0,$O35=0),"Geen beoordeling",IF($N35<$O35,"Hergebruik",IF($O35<$N35,"Recycling","Hergebruik en recycling gelijk")))) -> Geen beoordeling | R35: =IFERROR(Tabel264041[[#This Row],[BIM-volume m³]]*Tabel264041[[#This Row],[PRR]],0) -> 0 | S35: =IFERROR(VLOOKUP(Tabel264041[[#This Row],[Klasse]],Beton!$A$10:$D$13,4,FALSE),0) -> 0 | T35: =+Tabel264041[[#This Row],[Praktisch terugwinbaar volume m³]]*Tabel264041[[#This Row],[Verkoopprijs per m³]] -> 0 | U35: =IF(OR($L35="Handmatig beoordelen",$L35="",$L35="Totaal",$I35=""),"Handmatig",IF($I35>=70%,"Ja","Nee")) -> Nee | V35: =IF(OR($L35="Handmatig beoordelen",$L35="",$L35="Totaal",$Q35=""),"Handmatig",IF(OR($Q35="Hergebruik",$Q35="Recycling",$Q35="Hergebruik en recycling",$Q35="Hergebruik en recycling gelijk"),"Ja","Nee")) -> Nee | W35: =IF(OR($L35="Handmatig beoordelen",$L35="",$L35="Totaal"),"Handmatig",IF($T35>0,"Ja","Nee")) -> Nee | X35: =IF(OR($U35="Handmatig",$V35="Handmatig",$W35="Handmatig"),"Handmatig beoordelen",IF(COUNTIF($U35:$W35,"Ja")>=2,"Interessant",IF(COUNTIF($U35:$W35,"Ja")=1,"Eigen beoordeling","Niet interessant"))) -> Niet interessant
A36: Beton | B36: Trappen | C36: ='Beton-data'!B11 -> 0 | D36: 4 | E36: 20 | F36: 5 | G36: 4 | H36: 3 | I36: =IFERROR(ROUND(AVERAGE(Tabel264041[[#This Row],[Demonteerbaarheid]],Tabel264041[[#This Row],[Materiaalconditie ]],Tabel264041[[#This Row],[Marktpotentie ]])/5,2),0) -> 0.8 | J36: =IF(Tabel264041[[#This Row],[PRR]]="","Handmatig beoordelen",IF(Tabel264041[[#This Row],[PRR]]>=0.9,"Hergebruik",IF(Tabel264041[[#This Row],[PRR]]>=0.7,"Hergebruik > recycling",IF(Tabel264041[[#This Row],[PRR]]>=0.35,"Recycling","Handmatig beoordelen")))) -> Hergebruik > recycling | K36: =IF(Tabel264041[[#This Row],[Routeadvies]]="Hergebruik",">= 0,9",IF(Tabel264041[[#This Row],[Routeadvies]]="Hergebruik > recycling",">= 0,7 en < 0,9",IF(Tabel264041[[#This Row],[Routeadvies]]="Recycling",">= 0,35 en < 0,7",IF(Tabel264041[[#This Row],[Routeadvies]]="Handmatig beoordelen","< 0,35","")))) -> >= 0,7 en < 0,9 | L36: =IF($B36="Totaal","Totaal",IF(OR($B36="Funderingen",$B36="Heipalen",$B36="Prefab elementen",$B36="Kanaalplaatvloeren",$B36="Breedplaatvloeren",$B36="Trappen",$B36="Gevelpanelen",$B36="ramen"),"Bijzonder beton",IF($G36="","Handmatig beoordelen",IF($G36>=4,"A-beton",IF($G36>=3,"B-beton",IF($G36>0,"C-beton","Handmatig beoordelen")))))) -> Bijzonder beton | M36: =IFERROR(Tabel264041[[#This Row],[BIM-volume m³]]*Beton!$M$3+Tabel264041[[#This Row],[BIM-volume m³]]*Tabel264041[[#This Row],[Transport Impact]]*IF(Tabel264041[[#This Row],[Transportafstand (km)]]="",0,Tabel264041[[#This Row],[Transportafstand (km)]]),0) -> 0 | N36: =IFERROR(Tabel264041[[#This Row],[BIM-volume m³]]*Beton!$N$3+Tabel264041[[#This Row],[BIM-volume m³]]*Tabel264041[[#This Row],[Transport Impact]]*IF(Tabel264041[[#This Row],[Transportafstand (km)]]="",0,Tabel264041[[#This Row],[Transportafstand (km)]]),0) -> 0 | O36: =IFERROR(Tabel264041[[#This Row],[BIM-volume m³]]*Beton!$O$3+Tabel264041[[#This Row],[BIM-volume m³]]*Tabel264041[[#This Row],[Transport Impact]]*IF(Tabel264041[[#This Row],[Transportafstand (km)]]="",0,Tabel264041[[#This Row],[Transportafstand (km)]]),0) -> 0 | P36: =IFERROR(MAX(0,Tabel264041[[#This Row],[Tot. nieuw CO2 (kg)]]-MIN(IF(Tabel264041[[#This Row],[Tot. hergebruik CO2 (kg)]]=0,999999,Tabel264041[[#This Row],[Tot. hergebruik CO2 (kg)]]),IF(Tabel264041[[#This Row],[Tot. recycling Co2 (kg)]]=0,999999,Tabel264041[[#This Row],[Tot. recycling Co2 (kg)]]))),0) -> 0 | Q36: =IF(OR($M36="",$M36=0),"Geen beoordeling",IF(AND($N36=0,$O36=0),"Geen beoordeling",IF($N36<$O36,"Hergebruik",IF($O36<$N36,"Recycling","Hergebruik en recycling gelijk")))) -> Geen beoordeling | R36: =IFERROR(Tabel264041[[#This Row],[BIM-volume m³]]*Tabel264041[[#This Row],[PRR]],0) -> 0 | S36: =IFERROR(VLOOKUP(Tabel264041[[#This Row],[Klasse]],Beton!$A$10:$D$13,4,FALSE),0) -> 0 | T36: =+Tabel264041[[#This Row],[Praktisch terugwinbaar volume m³]]*Tabel264041[[#This Row],[Verkoopprijs per m³]] -> 0 | U36: =IF(OR($L36="Handmatig beoordelen",$L36="",$L36="Totaal",$I36=""),"Handmatig",IF($I36>=70%,"Ja","Nee")) -> Ja | V36: =IF(OR($L36="Handmatig beoordelen",$L36="",$L36="Totaal",$Q36=""),"Handmatig",IF(OR($Q36="Hergebruik",$Q36="Recycling",$Q36="Hergebruik en recycling",$Q36="Hergebruik en recycling gelijk"),"Ja","Nee")) -> Nee | W36: =IF(OR($L36="Handmatig beoordelen",$L36="",$L36="Totaal"),"Handmatig",IF($T36>0,"Ja","Nee")) -> Nee | X36: =IF(OR($U36="Handmatig",$V36="Handmatig",$W36="Handmatig"),"Handmatig beoordelen",IF(COUNTIF($U36:$W36,"Ja")>=2,"Interessant",IF(COUNTIF($U36:$W36,"Ja")=1,"Eigen beoordeling","Niet interessant"))) -> Eigen beoordeling
A38: Materiaalstroom | B38: Bouwdeel uit BIM | C38: BIM-volume m³ | D38: Transport Impact | E38: Transportafstand (km) | F38: Demonteerbaarheid | G38: Materiaalconditie | H38: Marktpotentie | I38: PRR | J38: Routeadvies | K38: Grenswaarde | L38: Klasse | M38: Tot. nieuw CO2 (kg) | N38: Tot. hergebruik CO2 (kg) | O38: Tot. recycling Co2 (kg) | P38: Klimaatbesparing kg CO₂ | Q38: Routeadvies 2 | R38: Praktisch terugwinbaar volume m³ | S38: Verkoopprijs per m³ | T38: Financiële marktwaarde excl. kosten | U38: Recovery hoog? | V38: Klimaat positief? | W38: Financiele positief? | X38: Eindbeoordeling
A39: Aluminium | B39: Totaal | C39: ='Aluminium-data'!B2 -> 0.01 | E39: ="" | F39: =AVERAGE(F40:F48) -> 3.2222222 | G39: =AVERAGE(G40:G48) -> 3.5555556 | H39: =AVERAGE(H40:H48) -> 3.5555556 | I39: =IFERROR(ROUND(AVERAGE(Tabel26404139[[#This Row],[Demonteerbaarheid]],Tabel26404139[[#This Row],[Materiaalconditie ]],Tabel26404139[[#This Row],[Marktpotentie ]])/5,2),0) -> 0.69 | J39: =IF(Tabel26404139[[#This Row],[PRR]]="","Handmatig beoordelen",IF(Tabel26404139[[#This Row],[PRR]]>=0.7,"Hergebruik > recycling",IF(Tabel26404139[[#This Row],[PRR]]>=0.25,"Recycling","Handmatig beoordelen"))) -> Recycling | K39: =IF(Tabel26404139[[#This Row],[Routeadvies]]="Hergebruik","Niet standaard toegepast",IF(Tabel26404139[[#This Row],[Routeadvies]]="Hergebruik > recycling",">= 0,7",IF(Tabel26404139[[#This Row],[Routeadvies]]="Recycling",">= 0,25 en < 0,7",IF(Tabel26404139[[#This Row],[Routeadvies]]="Handmatig beoordelen","< 0,25 of geen score","")))) -> >= 0,25 en < 0,7 | L39: =IF($B39="Totaal","Totaal",IF(OR($B39="Ramen",$B39="Deuren",$B39="Kozijnen",$B39="Vliesgevels",$B39="Gevelsystemen",$B39="Zonwering",$B39="Trappen"),"Bijzonder aluminium",IF($G39="","Handmatig beoordelen",IF($G39>=4,"A-aluminium",IF($G39>=3,"B-aluminium",IF($G39>0,"C-aluminium","Handmatig beoordelen")))))) -> Totaal | M39: =SUM(M40:M48) -> 0.4 | N39: =SUM(N40:N48) -> 0.4 | O39: =SUM(O40:O48) -> 0.4 | P39: =IF($B46="Totaal",SUM($O$4:$O$12),IFERROR(MAX(0,$M39-MIN($N39,$O39)),0)) -> 0 | Q39: =IF(OR($M39="",$M39=0),"Geen beoordeling",IF(AND($N39=0,$O39=0),"Geen beoordeling",IF($N39<$O39,"Hergebruik",IF($O39<$N39,"Recycling","Hergebruik en recycling gelijk")))) -> Hergebruik en recycling gelijk | R39: =IFERROR(Tabel26404139[[#This Row],[BIM-volume m³]]*Tabel26404139[[#This Row],[PRR]],0) -> 0.0069 | S39: =IFERROR(VLOOKUP(Tabel26404139[[#This Row],[Klasse]],Aluminium!$A$9:$D$12,4,FALSE),0) -> 0 | T39: =Tabel26404139[[#This Row],[Praktisch terugwinbaar volume m³]]*Tabel26404139[[#This Row],[Verkoopprijs per m³]] -> 0 | U39: =IF(OR($L39="Handmatig beoordelen",$L39="",$L39="Totaal",$I39=""),"Handmatig",IF($I39>=70%,"Ja","Nee")) -> Handmatig | V39: =IF(OR($L39="Handmatig beoordelen",$L39="",$L39="Totaal",$Q39=""),"Handmatig",IF(OR($Q39="Hergebruik",$Q39="Recycling",$Q39="Hergebruik en recycling",$Q39="Hergebruik en recycling gelijk"),"Ja","Nee")) -> Handmatig | W39: =IF(OR($L39="Handmatig beoordelen",$L39="",$L39="Totaal"),"Handmatig",IF($T39>0,"Ja","Nee")) -> Handmatig | X39: =IF(OR($U39="Handmatig",$V39="Handmatig",$W39="Handmatig"),"Handmatig beoordelen",IF(COUNTIF($U39:$W39,"Ja")>=2,"Interessant",IF(COUNTIF($U39:$W39,"Ja")=1,"Eigen beoordeling","Niet interessant"))) -> Handmatig beoordelen
A40: Aluminium | B40: Plafonds | C40: ='Aluminium-data'!B3 -> 0 | D40: 2 | E40: 20 | F40: 1 | G40: 2 | H40: 4 | I40: =IFERROR(ROUND(AVERAGE(Tabel26404139[[#This Row],[Demonteerbaarheid]],Tabel26404139[[#This Row],[Materiaalconditie ]],Tabel26404139[[#This Row],[Marktpotentie ]])/5,2),0) -> 0.47 | J40: =IF(Tabel26404139[[#This Row],[PRR]]="","Handmatig beoordelen",IF(Tabel26404139[[#This Row],[PRR]]>=0.7,"Hergebruik > recycling",IF(Tabel26404139[[#This Row],[PRR]]>=0.25,"Recycling","Handmatig beoordelen"))) -> Recycling | K40: =IF(Tabel26404139[[#This Row],[Routeadvies]]="Hergebruik","Niet standaard toegepast",IF(Tabel26404139[[#This Row],[Routeadvies]]="Hergebruik > recycling",">= 0,7",IF(Tabel26404139[[#This Row],[Routeadvies]]="Recycling",">= 0,25 en < 0,7",IF(Tabel26404139[[#This Row],[Routeadvies]]="Handmatig beoordelen","< 0,25 of geen score","")))) -> >= 0,25 en < 0,7 | L40: =IF($B40="Totaal","Totaal",IF(OR($B40="Ramen",$B40="Deuren",$B40="Kozijnen",$B40="Vliesgevels",$B40="Gevelsystemen",$B40="Zonwering",$B40="Trappen"),"Bijzonder aluminium",IF($G40="","Handmatig beoordelen",IF($G40>=4,"A-aluminium",IF($G40>=3,"B-aluminium",IF($G40>0,"C-aluminium","Handmatig beoordelen")))))) -> C-aluminium | M40: =IFERROR(Tabel26404139[[#This Row],[BIM-volume m³]]*Aluminium!$M$3+Tabel26404139[[#This Row],[BIM-volume m³]]*Tabel26404139[[#This Row],[Transport Impact]]*IF(Tabel26404139[[#This Row],[Transportafstand (km)]]="",0,Tabel26404139[[#This Row],[Transportafstand (km)]]),0) -> 0 | N40: =IFERROR(Tabel26404139[[#This Row],[BIM-volume m³]]*Aluminium!$N$3+Tabel26404139[[#This Row],[BIM-volume m³]]*Tabel26404139[[#This Row],[Transport Impact]]*IF(Tabel26404139[[#This Row],[Transportafstand (km)]]="",0,Tabel26404139[[#This Row],[Transportafstand (km)]]),0) -> 0 | O40: =IFERROR(Tabel26404139[[#This Row],[BIM-volume m³]]*Aluminium!$O$3+Tabel26404139[[#This Row],[BIM-volume m³]]*Tabel26404139[[#This Row],[Transport Impact]]*IF(Tabel26404139[[#This Row],[Transportafstand (km)]]="",0,Tabel26404139[[#This Row],[Transportafstand (km)]]),0) -> 0 | P40: =IF($B47="Totaal",SUM($O$4:$O$12),IFERROR(MAX(0,$M40-MIN($N40,$O40)),0)) -> 0 | Q40: =IF(OR($M40="",$M40=0),"Geen beoordeling",IF(AND($N40=0,$O40=0),"Geen beoordeling",IF($N40<$O40,"Hergebruik",IF($O40<$N40,"Recycling","Hergebruik en recycling gelijk")))) -> Geen beoordeling | R40: =IFERROR(Tabel26404139[[#This Row],[BIM-volume m³]]*Tabel26404139[[#This Row],[PRR]],0) -> 0 | S40: =IFERROR(VLOOKUP(Tabel26404139[[#This Row],[Klasse]],Aluminium!$A$9:$D$12,4,FALSE),0) -> 0 | T40: =Tabel26404139[[#This Row],[Praktisch terugwinbaar volume m³]]*Tabel26404139[[#This Row],[Verkoopprijs per m³]] -> 0 | U40: =IF(OR($L40="Handmatig beoordelen",$L40="",$L40="Totaal",$I40=""),"Handmatig",IF($I40>=70%,"Ja","Nee")) -> Nee | V40: =IF(OR($L40="Handmatig beoordelen",$L40="",$L40="Totaal",$Q40=""),"Handmatig",IF(OR($Q40="Hergebruik",$Q40="Recycling",$Q40="Hergebruik en recycling",$Q40="Hergebruik en recycling gelijk"),"Ja","Nee")) -> Nee | W40: =IF(OR($L40="Handmatig beoordelen",$L40="",$L40="Totaal"),"Handmatig",IF($T40>0,"Ja","Nee")) -> Nee | X40: =IF(OR($U40="Handmatig",$V40="Handmatig",$W40="Handmatig"),"Handmatig beoordelen",IF(COUNTIF($U40:$W40,"Ja")>=2,"Interessant",IF(COUNTIF($U40:$W40,"Ja")=1,"Eigen beoordeling","Niet interessant"))) -> Niet interessant
A41: Aluminium | B41: Kolommen | C41: ='Aluminium-data'!B4 -> 0 | D41: 2 | E41: 20 | F41: 1 | G41: 4 | H41: 3 | I41: =IFERROR(ROUND(AVERAGE(Tabel26404139[[#This Row],[Demonteerbaarheid]],Tabel26404139[[#This Row],[Materiaalconditie ]],Tabel26404139[[#This Row],[Marktpotentie ]])/5,2),0) -> 0.53 | J41: =IF(Tabel26404139[[#This Row],[PRR]]="","Handmatig beoordelen",IF(Tabel26404139[[#This Row],[PRR]]>=0.7,"Hergebruik > recycling",IF(Tabel26404139[[#This Row],[PRR]]>=0.25,"Recycling","Handmatig beoordelen"))) -> Recycling | K41: =IF(Tabel26404139[[#This Row],[Routeadvies]]="Hergebruik","Niet standaard toegepast",IF(Tabel26404139[[#This Row],[Routeadvies]]="Hergebruik > recycling",">= 0,7",IF(Tabel26404139[[#This Row],[Routeadvies]]="Recycling",">= 0,25 en < 0,7",IF(Tabel26404139[[#This Row],[Routeadvies]]="Handmatig beoordelen","< 0,25 of geen score","")))) -> >= 0,25 en < 0,7 | L41: =IF($B41="Totaal","Totaal",IF(OR($B41="Ramen",$B41="Deuren",$B41="Kozijnen",$B41="Vliesgevels",$B41="Gevelsystemen",$B41="Zonwering",$B41="Trappen"),"Bijzonder aluminium",IF($G41="","Handmatig beoordelen",IF($G41>=4,"A-aluminium",IF($G41>=3,"B-aluminium",IF($G41>0,"C-aluminium","Handmatig beoordelen")))))) -> A-aluminium | M41: =IFERROR(Tabel26404139[[#This Row],[BIM-volume m³]]*Aluminium!$M$3+Tabel26404139[[#This Row],[BIM-volume m³]]*Tabel26404139[[#This Row],[Transport Impact]]*IF(Tabel26404139[[#This Row],[Transportafstand (km)]]="",0,Tabel26404139[[#This Row],[Transportafstand (km)]]),0) -> 0 | N41: =IFERROR(Tabel26404139[[#This Row],[BIM-volume m³]]*Aluminium!$N$3+Tabel26404139[[#This Row],[BIM-volume m³]]*Tabel26404139[[#This Row],[Transport Impact]]*IF(Tabel26404139[[#This Row],[Transportafstand (km)]]="",0,Tabel26404139[[#This Row],[Transportafstand (km)]]),0) -> 0 | O41: =IFERROR(Tabel26404139[[#This Row],[BIM-volume m³]]*Aluminium!$O$3+Tabel26404139[[#This Row],[BIM-volume m³]]*Tabel26404139[[#This Row],[Transport Impact]]*IF(Tabel26404139[[#This Row],[Transportafstand (km)]]="",0,Tabel26404139[[#This Row],[Transportafstand (km)]]),0) -> 0 | P41: =IF($B48="Totaal",SUM($O$4:$O$12),IFERROR(MAX(0,$M41-MIN($N41,$O41)),0)) -> 0 | Q41: =IF(OR($M41="",$M41=0),"Geen beoordeling",IF(AND($N41=0,$O41=0),"Geen beoordeling",IF($N41<$O41,"Hergebruik",IF($O41<$N41,"Recycling","Hergebruik en recycling gelijk")))) -> Geen beoordeling | R41: =IFERROR(Tabel26404139[[#This Row],[BIM-volume m³]]*Tabel26404139[[#This Row],[PRR]],0) -> 0 | S41: =IFERROR(VLOOKUP(Tabel26404139[[#This Row],[Klasse]],Aluminium!$A$9:$D$12,4,FALSE),0) -> 382.5 | T41: =Tabel26404139[[#This Row],[Praktisch terugwinbaar volume m³]]*Tabel26404139[[#This Row],[Verkoopprijs per m³]] -> 0 | U41: =IF(OR($L41="Handmatig beoordelen",$L41="",$L41="Totaal",$I41=""),"Handmatig",IF($I41>=70%,"Ja","Nee")) -> Nee | V41: =IF(OR($L41="Handmatig beoordelen",$L41="",$L41="Totaal",$Q41=""),"Handmatig",IF(OR($Q41="Hergebruik",$Q41="Recycling",$Q41="Hergebruik en recycling",$Q41="Hergebruik en recycling gelijk"),"Ja","Nee")) -> Nee | W41: =IF(OR($L41="Handmatig beoordelen",$L41="",$L41="Totaal"),"Handmatig",IF($T41>0,"Ja","Nee")) -> Nee | X41: =IF(OR($U41="Handmatig",$V41="Handmatig",$W41="Handmatig"),"Handmatig beoordelen",IF(COUNTIF($U41:$W41,"Ja")>=2,"Interessant",IF(COUNTIF($U41:$W41,"Ja")=1,"Eigen beoordeling","Niet interessant"))) -> Niet interessant
A42: Aluminium | B42: Gevelpanelen | C42: ='Aluminium-data'!B5 -> 0 | D42: 2 | E42: 20 | F42: 5 | G42: 4 | H42: 4 | I42: =IFERROR(ROUND(AVERAGE(Tabel26404139[[#This Row],[Demonteerbaarheid]],Tabel26404139[[#This Row],[Materiaalconditie ]],Tabel26404139[[#This Row],[Marktpotentie ]])/5,2),0) -> 0.87 | J42: =IF(Tabel26404139[[#This Row],[PRR]]="","Handmatig beoordelen",IF(Tabel26404139[[#This Row],[PRR]]>=0.7,"Hergebruik > recycling",IF(Tabel26404139[[#This Row],[PRR]]>=0.25,"Recycling","Handmatig beoordelen"))) -> Hergebruik > recycling | K42: =IF(Tabel26404139[[#This Row],[Routeadvies]]="Hergebruik","Niet standaard toegepast",IF(Tabel26404139[[#This Row],[Routeadvies]]="Hergebruik > recycling",">= 0,7",IF(Tabel26404139[[#This Row],[Routeadvies]]="Recycling",">= 0,25 en < 0,7",IF(Tabel26404139[[#This Row],[Routeadvies]]="Handmatig beoordelen","< 0,25 of geen score","")))) -> >= 0,7 | L42: =IF($B42="Totaal","Totaal",IF(OR($B42="Ramen",$B42="Deuren",$B42="Kozijnen",$B42="Vliesgevels",$B42="Gevelsystemen",$B42="Zonwering",$B42="Trappen"),"Bijzonder aluminium",IF($G42="","Handmatig beoordelen",IF($G42>=4,"A-aluminium",IF($G42>=3,"B-aluminium",IF($G42>0,"C-aluminium","Handmatig beoordelen")))))) -> A-aluminium | M42: =IFERROR(Tabel26404139[[#This Row],[BIM-volume m³]]*Aluminium!$M$3+Tabel26404139[[#This Row],[BIM-volume m³]]*Tabel26404139[[#This Row],[Transport Impact]]*IF(Tabel26404139[[#This Row],[Transportafstand (km)]]="",0,Tabel26404139[[#This Row],[Transportafstand (km)]]),0) -> 0 | N42: =IFERROR(Tabel26404139[[#This Row],[BIM-volume m³]]*Aluminium!$N$3+Tabel26404139[[#This Row],[BIM-volume m³]]*Tabel26404139[[#This Row],[Transport Impact]]*IF(Tabel26404139[[#This Row],[Transportafstand (km)]]="",0,Tabel26404139[[#This Row],[Transportafstand (km)]]),0) -> 0 | O42: =IFERROR(Tabel26404139[[#This Row],[BIM-volume m³]]*Aluminium!$O$3+Tabel26404139[[#This Row],[BIM-volume m³]]*Tabel26404139[[#This Row],[Transport Impact]]*IF(Tabel26404139[[#This Row],[Transportafstand (km)]]="",0,Tabel26404139[[#This Row],[Transportafstand (km)]]),0) -> 0 | P42: =IF($B49="Totaal",SUM($O$4:$O$12),IFERROR(MAX(0,$M42-MIN($N42,$O42)),0)) -> 0 | Q42: =IF(OR($M42="",$M42=0),"Geen beoordeling",IF(AND($N42=0,$O42=0),"Geen beoordeling",IF($N42<$O42,"Hergebruik",IF($O42<$N42,"Recycling","Hergebruik en recycling gelijk")))) -> Geen beoordeling | R42: =IFERROR(Tabel26404139[[#This Row],[BIM-volume m³]]*Tabel26404139[[#This Row],[PRR]],0) -> 0 | S42: =IFERROR(VLOOKUP(Tabel26404139[[#This Row],[Klasse]],Aluminium!$A$9:$D$12,4,FALSE),0) -> 382.5 | T42: =Tabel26404139[[#This Row],[Praktisch terugwinbaar volume m³]]*Tabel26404139[[#This Row],[Verkoopprijs per m³]] -> 0 | U42: =IF(OR($L42="Handmatig beoordelen",$L42="",$L42="Totaal",$I42=""),"Handmatig",IF($I42>=70%,"Ja","Nee")) -> Ja | V42: =IF(OR($L42="Handmatig beoordelen",$L42="",$L42="Totaal",$Q42=""),"Handmatig",IF(OR($Q42="Hergebruik",$Q42="Recycling",$Q42="Hergebruik en recycling",$Q42="Hergebruik en recycling gelijk"),"Ja","Nee")) -> Nee | W42: =IF(OR($L42="Handmatig beoordelen",$L42="",$L42="Totaal"),"Handmatig",IF($T42>0,"Ja","Nee")) -> Nee | X42: =IF(OR($U42="Handmatig",$V42="Handmatig",$W42="Handmatig"),"Handmatig beoordelen",IF(COUNTIF($U42:$W42,"Ja")>=2,"Interessant",IF(COUNTIF($U42:$W42,"Ja")=1,"Eigen beoordeling","Niet interessant"))) -> Eigen beoordeling
A43: Aluminium | B43: Deuren | C43: ='Aluminium-data'!B6 -> 0.01 | D43: 2 | E43: 20 | F43: 5 | G43: 4 | H43: 4 | I43: =IFERROR(ROUND(AVERAGE(Tabel26404139[[#This Row],[Demonteerbaarheid]],Tabel26404139[[#This Row],[Materiaalconditie ]],Tabel26404139[[#This Row],[Marktpotentie ]])/5,2),0) -> 0.87 | J43: =IF(Tabel26404139[[#This Row],[PRR]]="","Handmatig beoordelen",IF(Tabel26404139[[#This Row],[PRR]]>=0.7,"Hergebruik > recycling",IF(Tabel26404139[[#This Row],[PRR]]>=0.25,"Recycling","Handmatig beoordelen"))) -> Hergebruik > recycling | K43: =IF(Tabel26404139[[#This Row],[Routeadvies]]="Hergebruik","Niet standaard toegepast",IF(Tabel26404139[[#This Row],[Routeadvies]]="Hergebruik > recycling",">= 0,7",IF(Tabel26404139[[#This Row],[Routeadvies]]="Recycling",">= 0,25 en < 0,7",IF(Tabel26404139[[#This Row],[Routeadvies]]="Handmatig beoordelen","< 0,25 of geen score","")))) -> >= 0,7 | L43: =IF($B43="Totaal","Totaal",IF(OR($B43="Ramen",$B43="Deuren",$B43="Kozijnen",$B43="Vliesgevels",$B43="Gevelsystemen",$B43="Zonwering",$B43="Trappen"),"Bijzonder aluminium",IF($G43="","Handmatig beoordelen",IF($G43>=4,"A-aluminium",IF($G43>=3,"B-aluminium",IF($G43>0,"C-aluminium","Handmatig beoordelen")))))) -> Bijzonder aluminium | M43: =IFERROR(Tabel26404139[[#This Row],[BIM-volume m³]]*Aluminium!$M$3+Tabel26404139[[#This Row],[BIM-volume m³]]*Tabel26404139[[#This Row],[Transport Impact]]*IF(Tabel26404139[[#This Row],[Transportafstand (km)]]="",0,Tabel26404139[[#This Row],[Transportafstand (km)]]),0) -> 0.4 | N43: =IFERROR(Tabel26404139[[#This Row],[BIM-volume m³]]*Aluminium!$N$3+Tabel26404139[[#This Row],[BIM-volume m³]]*Tabel26404139[[#This Row],[Transport Impact]]*IF(Tabel26404139[[#This Row],[Transportafstand (km)]]="",0,Tabel26404139[[#This Row],[Transportafstand (km)]]),0) -> 0.4 | O43: =IFERROR(Tabel26404139[[#This Row],[BIM-volume m³]]*Aluminium!$O$3+Tabel26404139[[#This Row],[BIM-volume m³]]*Tabel26404139[[#This Row],[Transport Impact]]*IF(Tabel26404139[[#This Row],[Transportafstand (km)]]="",0,Tabel26404139[[#This Row],[Transportafstand (km)]]),0) -> 0.4 | P43: =IF($B50="Totaal",SUM($O$4:$O$12),IFERROR(MAX(0,$M43-MIN($N43,$O43)),0)) -> 0 | Q43: =IF(OR($M43="",$M43=0),"Geen beoordeling",IF(AND($N43=0,$O43=0),"Geen beoordeling",IF($N43<$O43,"Hergebruik",IF($O43<$N43,"Recycling","Hergebruik en recycling gelijk")))) -> Hergebruik en recycling gelijk | R43: =IFERROR(Tabel26404139[[#This Row],[BIM-volume m³]]*Tabel26404139[[#This Row],[PRR]],0) -> 0.0087 | S43: =IFERROR(VLOOKUP(Tabel26404139[[#This Row],[Klasse]],Aluminium!$A$9:$D$12,4,FALSE),0) -> 0 | T43: =Tabel26404139[[#This Row],[Praktisch terugwinbaar volume m³]]*Tabel26404139[[#This Row],[Verkoopprijs per m³]] -> 0 | U43: =IF(OR($L43="Handmatig beoordelen",$L43="",$L43="Totaal",$I43=""),"Handmatig",IF($I43>=70%,"Ja","Nee")) -> Ja | V43: =IF(OR($L43="Handmatig beoordelen",$L43="",$L43="Totaal",$Q43=""),"Handmatig",IF(OR($Q43="Hergebruik",$Q43="Recycling",$Q43="Hergebruik en recycling",$Q43="Hergebruik en recycling gelijk"),"Ja","Nee")) -> Ja | W43: =IF(OR($L43="Handmatig beoordelen",$L43="",$L43="Totaal"),"Handmatig",IF($T43>0,"Ja","Nee")) -> Nee | X43: =IF(OR($U43="Handmatig",$V43="Handmatig",$W43="Handmatig"),"Handmatig beoordelen",IF(COUNTIF($U43:$W43,"Ja")>=2,"Interessant",IF(COUNTIF($U43:$W43,"Ja")=1,"Eigen beoordeling","Niet interessant"))) -> Interessant
A44: Aluminium | B44: Vloeren | C44: ='Aluminium-data'!B7 -> 0 | D44: 2 | E44: 20 | F44: 1 | G44: 3 | H44: 2 | I44: =IFERROR(ROUND(AVERAGE(Tabel26404139[[#This Row],[Demonteerbaarheid]],Tabel26404139[[#This Row],[Materiaalconditie ]],Tabel26404139[[#This Row],[Marktpotentie ]])/5,2),0) -> 0.4 | J44: =IF(Tabel26404139[[#This Row],[PRR]]="","Handmatig beoordelen",IF(Tabel26404139[[#This Row],[PRR]]>=0.7,"Hergebruik > recycling",IF(Tabel26404139[[#This Row],[PRR]]>=0.25,"Recycling","Handmatig beoordelen"))) -> Recycling | K44: =IF(Tabel26404139[[#This Row],[Routeadvies]]="Hergebruik","Niet standaard toegepast",IF(Tabel26404139[[#This Row],[Routeadvies]]="Hergebruik > recycling",">= 0,7",IF(Tabel26404139[[#This Row],[Routeadvies]]="Recycling",">= 0,25 en < 0,7",IF(Tabel26404139[[#This Row],[Routeadvies]]="Handmatig beoordelen","< 0,25 of geen score","")))) -> >= 0,25 en < 0,7 | L44: =IF($B44="Totaal","Totaal",IF(OR($B44="Ramen",$B44="Deuren",$B44="Kozijnen",$B44="Vliesgevels",$B44="Gevelsystemen",$B44="Zonwering",$B44="Trappen"),"Bijzonder aluminium",IF($G44="","Handmatig beoordelen",IF($G44>=4,"A-aluminium",IF($G44>=3,"B-aluminium",IF($G44>0,"C-aluminium","Handmatig beoordelen")))))) -> B-aluminium | M44: =IFERROR(Tabel26404139[[#This Row],[BIM-volume m³]]*Aluminium!$M$3+Tabel26404139[[#This Row],[BIM-volume m³]]*Tabel26404139[[#This Row],[Transport Impact]]*IF(Tabel26404139[[#This Row],[Transportafstand (km)]]="",0,Tabel26404139[[#This Row],[Transportafstand (km)]]),0) -> 0 | N44: =IFERROR(Tabel26404139[[#This Row],[BIM-volume m³]]*Aluminium!$N$3+Tabel26404139[[#This Row],[BIM-volume m³]]*Tabel26404139[[#This Row],[Transport Impact]]*IF(Tabel26404139[[#This Row],[Transportafstand (km)]]="",0,Tabel26404139[[#This Row],[Transportafstand (km)]]),0) -> 0 | O44: =IFERROR(Tabel26404139[[#This Row],[BIM-volume m³]]*Aluminium!$O$3+Tabel26404139[[#This Row],[BIM-volume m³]]*Tabel26404139[[#This Row],[Transport Impact]]*IF(Tabel26404139[[#This Row],[Transportafstand (km)]]="",0,Tabel26404139[[#This Row],[Transportafstand (km)]]),0) -> 0 | P44: =IF($B51="Totaal",SUM($O$4:$O$12),IFERROR(MAX(0,$M44-MIN($N44,$O44)),0)) -> 256.5 | Q44: =IF(OR($M44="",$M44=0),"Geen beoordeling",IF(AND($N44=0,$O44=0),"Geen beoordeling",IF($N44<$O44,"Hergebruik",IF($O44<$N44,"Recycling","Hergebruik en recycling gelijk")))) -> Geen beoordeling | R44: =IFERROR(Tabel26404139[[#This Row],[BIM-volume m³]]*Tabel26404139[[#This Row],[PRR]],0) -> 0 | S44: =IFERROR(VLOOKUP(Tabel26404139[[#This Row],[Klasse]],Aluminium!$A$9:$D$12,4,FALSE),0) -> 0 | T44: =Tabel26404139[[#This Row],[Praktisch terugwinbaar volume m³]]*Tabel26404139[[#This Row],[Verkoopprijs per m³]] -> 0 | U44: =IF(OR($L44="Handmatig beoordelen",$L44="",$L44="Totaal",$I44=""),"Handmatig",IF($I44>=70%,"Ja","Nee")) -> Nee | V44: =IF(OR($L44="Handmatig beoordelen",$L44="",$L44="Totaal",$Q44=""),"Handmatig",IF(OR($Q44="Hergebruik",$Q44="Recycling",$Q44="Hergebruik en recycling",$Q44="Hergebruik en recycling gelijk"),"Ja","Nee")) -> Nee | W44: =IF(OR($L44="Handmatig beoordelen",$L44="",$L44="Totaal"),"Handmatig",IF($T44>0,"Ja","Nee")) -> Nee | X44: =IF(OR($U44="Handmatig",$V44="Handmatig",$W44="Handmatig"),"Handmatig beoordelen",IF(COUNTIF($U44:$W44,"Ja")>=2,"Interessant",IF(COUNTIF($U44:$W44,"Ja")=1,"Eigen beoordeling","Niet interessant"))) -> Niet interessant
A45: Aluminium | B45: Daken | C45: ='Aluminium-data'!B8 -> 0 | D45: 2 | E45: 20 | F45: 5 | G45: 4 | H45: 2 | I45: =IFERROR(ROUND(AVERAGE(Tabel26404139[[#This Row],[Demonteerbaarheid]],Tabel26404139[[#This Row],[Materiaalconditie ]],Tabel26404139[[#This Row],[Marktpotentie ]])/5,2),0) -> 0.73 | J45: =IF(Tabel26404139[[#This Row],[PRR]]="","Handmatig beoordelen",IF(Tabel26404139[[#This Row],[PRR]]>=0.7,"Hergebruik > recycling",IF(Tabel26404139[[#This Row],[PRR]]>=0.25,"Recycling","Handmatig beoordelen"))) -> Hergebruik > recycling | K45: =IF(Tabel26404139[[#This Row],[Routeadvies]]="Hergebruik","Niet standaard toegepast",IF(Tabel26404139[[#This Row],[Routeadvies]]="Hergebruik > recycling",">= 0,7",IF(Tabel26404139[[#This Row],[Routeadvies]]="Recycling",">= 0,25 en < 0,7",IF(Tabel26404139[[#This Row],[Routeadvies]]="Handmatig beoordelen","< 0,25 of geen score","")))) -> >= 0,7 | L45: =IF($B45="Totaal","Totaal",IF(OR($B45="Ramen",$B45="Deuren",$B45="Kozijnen",$B45="Vliesgevels",$B45="Gevelsystemen",$B45="Zonwering",$B45="Trappen"),"Bijzonder aluminium",IF($G45="","Handmatig beoordelen",IF($G45>=4,"A-aluminium",IF($G45>=3,"B-aluminium",IF($G45>0,"C-aluminium","Handmatig beoordelen")))))) -> A-aluminium | M45: =IFERROR(Tabel26404139[[#This Row],[BIM-volume m³]]*Aluminium!$M$3+Tabel26404139[[#This Row],[BIM-volume m³]]*Tabel26404139[[#This Row],[Transport Impact]]*IF(Tabel26404139[[#This Row],[Transportafstand (km)]]="",0,Tabel26404139[[#This Row],[Transportafstand (km)]]),0) -> 0 | N45: =IFERROR(Tabel26404139[[#This Row],[BIM-volume m³]]*Aluminium!$N$3+Tabel26404139[[#This Row],[BIM-volume m³]]*Tabel26404139[[#This Row],[Transport Impact]]*IF(Tabel26404139[[#This Row],[Transportafstand (km)]]="",0,Tabel26404139[[#This Row],[Transportafstand (km)]]),0) -> 0 | O45: =IFERROR(Tabel26404139[[#This Row],[BIM-volume m³]]*Aluminium!$O$3+Tabel26404139[[#This Row],[BIM-volume m³]]*Tabel26404139[[#This Row],[Transport Impact]]*IF(Tabel26404139[[#This Row],[Transportafstand (km)]]="",0,Tabel26404139[[#This Row],[Transportafstand (km)]]),0) -> 0 | P45: =IF($B52="Totaal",SUM($O$4:$O$12),IFERROR(MAX(0,$M45-MIN($N45,$O45)),0)) -> 0 | Q45: =IF(OR($M45="",$M45=0),"Geen beoordeling",IF(AND($N45=0,$O45=0),"Geen beoordeling",IF($N45<$O45,"Hergebruik",IF($O45<$N45,"Recycling","Hergebruik en recycling gelijk")))) -> Geen beoordeling | R45: =IFERROR(Tabel26404139[[#This Row],[BIM-volume m³]]*Tabel26404139[[#This Row],[PRR]],0) -> 0 | S45: =IFERROR(VLOOKUP(Tabel26404139[[#This Row],[Klasse]],Aluminium!$A$9:$D$12,4,FALSE),0) -> 382.5 | T45: =Tabel26404139[[#This Row],[Praktisch terugwinbaar volume m³]]*Tabel26404139[[#This Row],[Verkoopprijs per m³]] -> 0 | U45: =IF(OR($L45="Handmatig beoordelen",$L45="",$L45="Totaal",$I45=""),"Handmatig",IF($I45>=70%,"Ja","Nee")) -> Ja | V45: =IF(OR($L45="Handmatig beoordelen",$L45="",$L45="Totaal",$Q45=""),"Handmatig",IF(OR($Q45="Hergebruik",$Q45="Recycling",$Q45="Hergebruik en recycling",$Q45="Hergebruik en recycling gelijk"),"Ja","Nee")) -> Nee | W45: =IF(OR($L45="Handmatig beoordelen",$L45="",$L45="Totaal"),"Handmatig",IF($T45>0,"Ja","Nee")) -> Nee | X45: =IF(OR($U45="Handmatig",$V45="Handmatig",$W45="Handmatig"),"Handmatig beoordelen",IF(COUNTIF($U45:$W45,"Ja")>=2,"Interessant",IF(COUNTIF($U45:$W45,"Ja")=1,"Eigen beoordeling","Niet interessant"))) -> Eigen beoordeling
A46: Aluminium | B46: Wanden | C46: ='Aluminium-data'!B9 -> 0 | D46: 2 | E46: 20 | F46: 1 | G46: 3 | H46: 5 | I46: =IFERROR(ROUND(AVERAGE(Tabel26404139[[#This Row],[Demonteerbaarheid]],Tabel26404139[[#This Row],[Materiaalconditie ]],Tabel26404139[[#This Row],[Marktpotentie ]])/5,2),0) -> 0.6 | J46: =IF(Tabel26404139[[#This Row],[PRR]]="","Handmatig beoordelen",IF(Tabel26404139[[#This Row],[PRR]]>=0.7,"Hergebruik > recycling",IF(Tabel26404139[[#This Row],[PRR]]>=0.25,"Recycling","Handmatig beoordelen"))) -> Recycling | K46: =IF(Tabel26404139[[#This Row],[Routeadvies]]="Hergebruik","Niet standaard toegepast",IF(Tabel26404139[[#This Row],[Routeadvies]]="Hergebruik > recycling",">= 0,7",IF(Tabel26404139[[#This Row],[Routeadvies]]="Recycling",">= 0,25 en < 0,7",IF(Tabel26404139[[#This Row],[Routeadvies]]="Handmatig beoordelen","< 0,25 of geen score","")))) -> >= 0,25 en < 0,7 | L46: =IF($B46="Totaal","Totaal",IF(OR($B46="Ramen",$B46="Deuren",$B46="Kozijnen",$B46="Vliesgevels",$B46="Gevelsystemen",$B46="Zonwering",$B46="Trappen"),"Bijzonder aluminium",IF($G46="","Handmatig beoordelen",IF($G46>=4,"A-aluminium",IF($G46>=3,"B-aluminium",IF($G46>0,"C-aluminium","Handmatig beoordelen")))))) -> B-aluminium | M46: =IFERROR(Tabel26404139[[#This Row],[BIM-volume m³]]*Aluminium!$M$3+Tabel26404139[[#This Row],[BIM-volume m³]]*Tabel26404139[[#This Row],[Transport Impact]]*IF(Tabel26404139[[#This Row],[Transportafstand (km)]]="",0,Tabel26404139[[#This Row],[Transportafstand (km)]]),0) -> 0 | N46: =IFERROR(Tabel26404139[[#This Row],[BIM-volume m³]]*Aluminium!$N$3+Tabel26404139[[#This Row],[BIM-volume m³]]*Tabel26404139[[#This Row],[Transport Impact]]*IF(Tabel26404139[[#This Row],[Transportafstand (km)]]="",0,Tabel26404139[[#This Row],[Transportafstand (km)]]),0) -> 0 | O46: =IFERROR(Tabel26404139[[#This Row],[BIM-volume m³]]*Aluminium!$O$3+Tabel26404139[[#This Row],[BIM-volume m³]]*Tabel26404139[[#This Row],[Transport Impact]]*IF(Tabel26404139[[#This Row],[Transportafstand (km)]]="",0,Tabel26404139[[#This Row],[Transportafstand (km)]]),0) -> 0 | P46: =IF($B53="Totaal",SUM($O$4:$O$12),IFERROR(MAX(0,$M46-MIN($N46,$O46)),0)) -> 0 | Q46: =IF(OR($M46="",$M46=0),"Geen beoordeling",IF(AND($N46=0,$O46=0),"Geen beoordeling",IF($N46<$O46,"Hergebruik",IF($O46<$N46,"Recycling","Hergebruik en recycling gelijk")))) -> Geen beoordeling | R46: =IFERROR(Tabel26404139[[#This Row],[BIM-volume m³]]*Tabel26404139[[#This Row],[PRR]],0) -> 0 | S46: =IFERROR(VLOOKUP(Tabel26404139[[#This Row],[Klasse]],Aluminium!$A$9:$D$12,4,FALSE),0) -> 0 | T46: =Tabel26404139[[#This Row],[Praktisch terugwinbaar volume m³]]*Tabel26404139[[#This Row],[Verkoopprijs per m³]] -> 0 | U46: =IF(OR($L46="Handmatig beoordelen",$L46="",$L46="Totaal",$I46=""),"Handmatig",IF($I46>=70%,"Ja","Nee")) -> Nee | V46: =IF(OR($L46="Handmatig beoordelen",$L46="",$L46="Totaal",$Q46=""),"Handmatig",IF(OR($Q46="Hergebruik",$Q46="Recycling",$Q46="Hergebruik en recycling",$Q46="Hergebruik en recycling gelijk"),"Ja","Nee")) -> Nee | W46: =IF(OR($L46="Handmatig beoordelen",$L46="",$L46="Totaal"),"Handmatig",IF($T46>0,"Ja","Nee")) -> Nee | X46: =IF(OR($U46="Handmatig",$V46="Handmatig",$W46="Handmatig"),"Handmatig beoordelen",IF(COUNTIF($U46:$W46,"Ja")>=2,"Interessant",IF(COUNTIF($U46:$W46,"Ja")=1,"Eigen beoordeling","Niet interessant"))) -> Niet interessant
A47: Aluminium | B47: Ramen | C47: ='Aluminium-data'!B10 -> 0 | D47: 2 | E47: 20 | F47: 5 | G47: 4 | H47: 3 | I47: =IFERROR(ROUND(AVERAGE(Tabel26404139[[#This Row],[Demonteerbaarheid]],Tabel26404139[[#This Row],[Materiaalconditie ]],Tabel26404139[[#This Row],[Marktpotentie ]])/5,2),0) -> 0.8 | J47: =IF(Tabel26404139[[#This Row],[PRR]]="","Handmatig beoordelen",IF(Tabel26404139[[#This Row],[PRR]]>=0.7,"Hergebruik > recycling",IF(Tabel26404139[[#This Row],[PRR]]>=0.25,"Recycling","Handmatig beoordelen"))) -> Hergebruik > recycling | K47: =IF(Tabel26404139[[#This Row],[Routeadvies]]="Hergebruik","Niet standaard toegepast",IF(Tabel26404139[[#This Row],[Routeadvies]]="Hergebruik > recycling",">= 0,7",IF(Tabel26404139[[#This Row],[Routeadvies]]="Recycling",">= 0,25 en < 0,7",IF(Tabel26404139[[#This Row],[Routeadvies]]="Handmatig beoordelen","< 0,25 of geen score","")))) -> >= 0,7 | L47: =IF($B47="Totaal","Totaal",IF(OR($B47="Ramen",$B47="Deuren",$B47="Kozijnen",$B47="Vliesgevels",$B47="Gevelsystemen",$B47="Zonwering",$B47="Trappen"),"Bijzonder aluminium",IF($G47="","Handmatig beoordelen",IF($G47>=4,"A-aluminium",IF($G47>=3,"B-aluminium",IF($G47>0,"C-aluminium","Handmatig beoordelen")))))) -> Bijzonder aluminium | M47: =IFERROR(Tabel26404139[[#This Row],[BIM-volume m³]]*Aluminium!$M$3+Tabel26404139[[#This Row],[BIM-volume m³]]*Tabel26404139[[#This Row],[Transport Impact]]*IF(Tabel26404139[[#This Row],[Transportafstand (km)]]="",0,Tabel26404139[[#This Row],[Transportafstand (km)]]),0) -> 0 | N47: =IFERROR(Tabel26404139[[#This Row],[BIM-volume m³]]*Aluminium!$N$3+Tabel26404139[[#This Row],[BIM-volume m³]]*Tabel26404139[[#This Row],[Transport Impact]]*IF(Tabel26404139[[#This Row],[Transportafstand (km)]]="",0,Tabel26404139[[#This Row],[Transportafstand (km)]]),0) -> 0 | O47: =IFERROR(Tabel26404139[[#This Row],[BIM-volume m³]]*Aluminium!$O$3+Tabel26404139[[#This Row],[BIM-volume m³]]*Tabel26404139[[#This Row],[Transport Impact]]*IF(Tabel26404139[[#This Row],[Transportafstand (km)]]="",0,Tabel26404139[[#This Row],[Transportafstand (km)]]),0) -> 0 | P47: =IF($B54="Totaal",SUM($O$4:$O$12),IFERROR(MAX(0,$M47-MIN($N47,$O47)),0)) -> 0 | Q47: =IF(OR($M47="",$M47=0),"Geen beoordeling",IF(AND($N47=0,$O47=0),"Geen beoordeling",IF($N47<$O47,"Hergebruik",IF($O47<$N47,"Recycling","Hergebruik en recycling gelijk")))) -> Geen beoordeling | R47: =IFERROR(Tabel26404139[[#This Row],[BIM-volume m³]]*Tabel26404139[[#This Row],[PRR]],0) -> 0 | S47: =IFERROR(VLOOKUP(Tabel26404139[[#This Row],[Klasse]],Aluminium!$A$9:$D$12,4,FALSE),0) -> 0 | T47: =Tabel26404139[[#This Row],[Praktisch terugwinbaar volume m³]]*Tabel26404139[[#This Row],[Verkoopprijs per m³]] -> 0 | U47: =IF(OR($L47="Handmatig beoordelen",$L47="",$L47="Totaal",$I47=""),"Handmatig",IF($I47>=70%,"Ja","Nee")) -> Ja | V47: =IF(OR($L47="Handmatig beoordelen",$L47="",$L47="Totaal",$Q47=""),"Handmatig",IF(OR($Q47="Hergebruik",$Q47="Recycling",$Q47="Hergebruik en recycling",$Q47="Hergebruik en recycling gelijk"),"Ja","Nee")) -> Nee | W47: =IF(OR($L47="Handmatig beoordelen",$L47="",$L47="Totaal"),"Handmatig",IF($T47>0,"Ja","Nee")) -> Nee | X47: =IF(OR($U47="Handmatig",$V47="Handmatig",$W47="Handmatig"),"Handmatig beoordelen",IF(COUNTIF($U47:$W47,"Ja")>=2,"Interessant",IF(COUNTIF($U47:$W47,"Ja")=1,"Eigen beoordeling","Niet interessant"))) -> Eigen beoordeling
A48: Aluminium | B48: Trappen | C48: ='Aluminium-data'!B11 -> 0 | D48: 2 | E48: 20 | F48: 5 | G48: 4 | H48: 5 | I48: =IFERROR(ROUND(AVERAGE(Tabel26404139[[#This Row],[Demonteerbaarheid]],Tabel26404139[[#This Row],[Materiaalconditie ]],Tabel26404139[[#This Row],[Marktpotentie ]])/5,2),0) -> 0.93 | J48: =IF(Tabel26404139[[#This Row],[PRR]]="","Handmatig beoordelen",IF(Tabel26404139[[#This Row],[PRR]]>=0.7,"Hergebruik > recycling",IF(Tabel26404139[[#This Row],[PRR]]>=0.25,"Recycling","Handmatig beoordelen"))) -> Hergebruik > recycling | K48: =IF(Tabel26404139[[#This Row],[Routeadvies]]="Hergebruik","Niet standaard toegepast",IF(Tabel26404139[[#This Row],[Routeadvies]]="Hergebruik > recycling",">= 0,7",IF(Tabel26404139[[#This Row],[Routeadvies]]="Recycling",">= 0,25 en < 0,7",IF(Tabel26404139[[#This Row],[Routeadvies]]="Handmatig beoordelen","< 0,25 of geen score","")))) -> >= 0,7 | L48: =IF($B48="Totaal","Totaal",IF(OR($B48="Ramen",$B48="Deuren",$B48="Kozijnen",$B48="Vliesgevels",$B48="Gevelsystemen",$B48="Zonwering",$B48="Trappen"),"Bijzonder aluminium",IF($G48="","Handmatig beoordelen",IF($G48>=4,"A-aluminium",IF($G48>=3,"B-aluminium",IF($G48>0,"C-aluminium","Handmatig beoordelen")))))) -> Bijzonder aluminium | M48: =IFERROR(Tabel26404139[[#This Row],[BIM-volume m³]]*Aluminium!$M$3+Tabel26404139[[#This Row],[BIM-volume m³]]*Tabel26404139[[#This Row],[Transport Impact]]*IF(Tabel26404139[[#This Row],[Transportafstand (km)]]="",0,Tabel26404139[[#This Row],[Transportafstand (km)]]),0) -> 0 | N48: =IFERROR(Tabel26404139[[#This Row],[BIM-volume m³]]*Aluminium!$N$3+Tabel26404139[[#This Row],[BIM-volume m³]]*Tabel26404139[[#This Row],[Transport Impact]]*IF(Tabel26404139[[#This Row],[Transportafstand (km)]]="",0,Tabel26404139[[#This Row],[Transportafstand (km)]]),0) -> 0 | O48: =IFERROR(Tabel26404139[[#This Row],[BIM-volume m³]]*Aluminium!$O$3+Tabel26404139[[#This Row],[BIM-volume m³]]*Tabel26404139[[#This Row],[Transport Impact]]*IF(Tabel26404139[[#This Row],[Transportafstand (km)]]="",0,Tabel26404139[[#This Row],[Transportafstand (km)]]),0) -> 0 | P48: =IF($B55="Totaal",SUM($O$4:$O$12),IFERROR(MAX(0,$M48-MIN($N48,$O48)),0)) -> 0 | Q48: =IF(OR($M48="",$M48=0),"Geen beoordeling",IF(AND($N48=0,$O48=0),"Geen beoordeling",IF($N48<$O48,"Hergebruik",IF($O48<$N48,"Recycling","Hergebruik en recycling gelijk")))) -> Geen beoordeling | R48: =IFERROR(Tabel26404139[[#This Row],[BIM-volume m³]]*Tabel26404139[[#This Row],[PRR]],0) -> 0 | S48: =IFERROR(VLOOKUP(Tabel26404139[[#This Row],[Klasse]],Aluminium!$A$9:$D$12,4,FALSE),0) -> 0 | T48: =Tabel26404139[[#This Row],[Praktisch terugwinbaar volume m³]]*Tabel26404139[[#This Row],[Verkoopprijs per m³]] -> 0 | U48: =IF(OR($L48="Handmatig beoordelen",$L48="",$L48="Totaal",$I48=""),"Handmatig",IF($I48>=70%,"Ja","Nee")) -> Ja | V48: =IF(OR($L48="Handmatig beoordelen",$L48="",$L48="Totaal",$Q48=""),"Handmatig",IF(OR($Q48="Hergebruik",$Q48="Recycling",$Q48="Hergebruik en recycling",$Q48="Hergebruik en recycling gelijk"),"Ja","Nee")) -> Nee | W48: =IF(OR($L48="Handmatig beoordelen",$L48="",$L48="Totaal"),"Handmatig",IF($T48>0,"Ja","Nee")) -> Nee | X48: =IF(OR($U48="Handmatig",$V48="Handmatig",$W48="Handmatig"),"Handmatig beoordelen",IF(COUNTIF($U48:$W48,"Ja")>=2,"Interessant",IF(COUNTIF($U48:$W48,"Ja")=1,"Eigen beoordeling","Niet interessant"))) -> Eigen beoordeling
A50: Materiaalstroom | B50: Bouwdeel uit BIM | C50: BIM-volume m³ | D50: Transport Impact | E50: Transportafstand (km) | F50: Demonteerbaarheid | G50: Materiaalconditie | H50: Marktpotentie | I50: PRR | J50: Routeadvies | K50: Grenswaarde | L50: Klasse | M50: Tot. nieuw CO2 (kg) | N50: Tot. hergebruik CO2 (kg) | O50: Tot. recycling Co2 (kg) | P50: Klimaatbesparing kg CO₂ | Q50: Routeadvies 2 | R50: Praktisch terugwinbaar volume m³ | S50: Verkoopprijs per m³ | T50: Financiële marktwaarde excl. kosten | U50: Recovery hoog? | V50: Klimaat positief? | W50: Financiele positief? | X50: Eindbeoordeling
A51: Koper | B51: Totaal | C51: ='Koper-data'!B2 -> 0 | D51: 4 | E51: ="" | F51: =AVERAGE(F52:F60) -> 3.2222222 | G51: =AVERAGE(G52:G60) -> 4 | H51: =AVERAGE(H52:H60) -> 4.3333333 | I51: =IFERROR(ROUND(AVERAGE(Tabel26404142[[#This Row],[Demonteerbaarheid]],Tabel26404142[[#This Row],[Materiaalconditie ]],Tabel26404142[[#This Row],[Marktpotentie ]])/5,2),0) -> 0.77 | J51: =IF(Tabel26404142[[#This Row],[PRR]]="","Handmatig beoordelen",IF(Tabel26404142[[#This Row],[PRR]]>=0.7,"Hergebruik > recycling",IF(Tabel26404142[[#This Row],[PRR]]>=0.25,"Recycling","Handmatig beoordelen"))) -> Hergebruik > recycling | K51: =IF(Tabel26404142[[#This Row],[Routeadvies]]="Hergebruik","Niet standaard toegepast",IF(Tabel26404142[[#This Row],[Routeadvies]]="Hergebruik > recycling",">= 0,7",IF(Tabel26404142[[#This Row],[Routeadvies]]="Recycling",">= 0,25 en < 0,7",IF(Tabel26404142[[#This Row],[Routeadvies]]="Handmatig beoordelen","< 0,25 of geen score","")))) -> >= 0,7 | L51: =IF($B51="Totaal","Totaal",IF(OR($B51="Installaties",$B51="Technische ruimte",$B51="Verdeelkast",$B51="Meterkast",$B51="Bliksemafleiding",$B51="Leidingnetten"),"Bijzonder koper",IF($G51="","Handmatig beoordelen",IF($G51>=4,"Rood koper",IF($G51>=3,"Knip koper",IF($G51>0,"Geel koper / Messing","Kabels inclusief isolatie")))))) -> Totaal | M51: =SUM(M52:M60) -> 0 | N51: =SUM(N52:N60) -> 0 | O51: =SUM(O52:O60) -> 0 | P51: =IF($B58="Totaal",SUM($O$4:$O$12),IFERROR(MAX(0,$M51-MIN($N51,$O51)),0)) -> 0 | Q51: =IF(OR($M51="",$M51=0),"Geen beoordeling",IF(AND($N51=0,$O51=0),"Geen beoordeling",IF($N51<$O51,"Hergebruik",IF($O51<$N51,"Recycling","Hergebruik en recycling gelijk")))) -> Geen beoordeling | R51: =IFERROR(Tabel26404142[[#This Row],[BIM-volume m³]]*Tabel26404142[[#This Row],[PRR]],0) -> 0 | S51: =IFERROR(VLOOKUP(Tabel26404142[[#This Row],[Klasse]],Koper!$A$10:$D$13,4,FALSE),0) -> 0 | T51: =Tabel26404142[[#This Row],[Praktisch terugwinbaar volume m³]]*Tabel26404142[[#This Row],[Verkoopprijs per m³]] -> 0 | U51: =IF(OR($L51="Handmatig beoordelen",$L51="",$L51="Totaal",$I51=""),"Handmatig",IF($I51>=70%,"Ja","Nee")) -> Handmatig | V51: =IF(OR($L51="Handmatig beoordelen",$L51="",$L51="Totaal",$Q51=""),"Handmatig",IF(OR($Q51="Hergebruik",$Q51="Recycling",$Q51="Hergebruik en recycling",$Q51="Hergebruik en recycling gelijk"),"Ja","Nee")) -> Handmatig | W51: =IF(OR($L51="Handmatig beoordelen",$L51="",$L51="Totaal"),"Handmatig",IF($T51>0,"Ja","Nee")) -> Handmatig | X51: =IF(OR($U51="Handmatig",$V51="Handmatig",$W51="Handmatig"),"Handmatig beoordelen",IF(COUNTIF($U51:$W51,"Ja")>=2,"Interessant",IF(COUNTIF($U51:$W51,"Ja")=1,"Eigen beoordeling","Niet interessant"))) -> Handmatig beoordelen
A52: Koper | B52: Plafonds | C52: ='Koper-data'!B3 -> 0 | D52: 4 | E52: 20 | F52: 1 | G52: 4 | H52: 5 | I52: =IFERROR(ROUND(AVERAGE(Tabel26404142[[#This Row],[Demonteerbaarheid]],Tabel26404142[[#This Row],[Materiaalconditie ]],Tabel26404142[[#This Row],[Marktpotentie ]])/5,2),0) -> 0.67 | J52: =IF(Tabel26404142[[#This Row],[PRR]]="","Handmatig beoordelen",IF(Tabel26404142[[#This Row],[PRR]]>=0.7,"Hergebruik > recycling",IF(Tabel26404142[[#This Row],[PRR]]>=0.25,"Recycling","Handmatig beoordelen"))) -> Recycling | K52: =IF(Tabel26404142[[#This Row],[Routeadvies]]="Hergebruik","Niet standaard toegepast",IF(Tabel26404142[[#This Row],[Routeadvies]]="Hergebruik > recycling",">= 0,7",IF(Tabel26404142[[#This Row],[Routeadvies]]="Recycling",">= 0,25 en < 0,7",IF(Tabel26404142[[#This Row],[Routeadvies]]="Handmatig beoordelen","< 0,25 of geen score","")))) -> >= 0,25 en < 0,7 | L52: =IF($B52="Totaal","Totaal",IF(OR($B52="Installaties",$B52="Technische ruimte",$B52="Verdeelkast",$B52="Meterkast",$B52="Bliksemafleiding",$B52="Leidingnetten"),"Bijzonder koper",IF($G52="","Handmatig beoordelen",IF($G52>=4,"Rood koper",IF($G52>=3,"Knip koper",IF($G52>0,"Geel koper / Messing","Kabels inclusief isolatie")))))) -> Rood koper | M52: =IFERROR(Tabel26404142[[#This Row],[BIM-volume m³]]*Koper!$N$3+Tabel26404142[[#This Row],[BIM-volume m³]]*Tabel26404142[[#This Row],[Transport Impact]]*IF(Tabel26404142[[#This Row],[Transportafstand (km)]]="",0,Tabel26404142[[#This Row],[Transportafstand (km)]])/1000,0) -> 0 | N52: =IFERROR(Tabel26404142[[#This Row],[BIM-volume m³]]*Koper!$O$3+Tabel26404142[[#This Row],[BIM-volume m³]]*Tabel26404142[[#This Row],[Transport Impact]]*IF(Tabel26404142[[#This Row],[Transportafstand (km)]]="",0,Tabel26404142[[#This Row],[Transportafstand (km)]])/1000,0) -> 0 | O52: =IFERROR(Tabel26404142[[#This Row],[BIM-volume m³]]*Koper!$P$3+Tabel26404142[[#This Row],[BIM-volume m³]]*Tabel26404142[[#This Row],[Transport Impact]]*IF(Tabel26404142[[#This Row],[Transportafstand (km)]]="",0,Tabel26404142[[#This Row],[Transportafstand (km)]])/1000,0) -> 0 | P52: =IF($B59="Totaal",SUM($O$4:$O$12),IFERROR(MAX(0,$M52-MIN($N52,$O52)),0)) -> 0 | Q52: =IF(OR($M52="",$M52=0),"Geen beoordeling",IF(AND($N52=0,$O52=0),"Geen beoordeling",IF($N52<$O52,"Hergebruik",IF($O52<$N52,"Recycling","Hergebruik en recycling gelijk")))) -> Geen beoordeling | R52: =IFERROR(Tabel26404142[[#This Row],[BIM-volume m³]]*Tabel26404142[[#This Row],[PRR]],0) -> 0 | S52: =IFERROR(VLOOKUP(Tabel26404142[[#This Row],[Klasse]],Koper!$A$10:$D$13,4,FALSE),0) -> 2250 | T52: =Tabel26404142[[#This Row],[Praktisch terugwinbaar volume m³]]*Tabel26404142[[#This Row],[Verkoopprijs per m³]] -> 0 | U52: =IF(OR($L52="Handmatig beoordelen",$L52="",$L52="Totaal",$I52=""),"Handmatig",IF($I52>=70%,"Ja","Nee")) -> Nee | V52: =IF(OR($L52="Handmatig beoordelen",$L52="",$L52="Totaal",$Q52=""),"Handmatig",IF(OR($Q52="Hergebruik",$Q52="Recycling",$Q52="Hergebruik en recycling",$Q52="Hergebruik en recycling gelijk"),"Ja","Nee")) -> Nee | W52: =IF(OR($L52="Handmatig beoordelen",$L52="",$L52="Totaal"),"Handmatig",IF($T52>0,"Ja","Nee")) -> Nee | X52: =IF(OR($U52="Handmatig",$V52="Handmatig",$W52="Handmatig"),"Handmatig beoordelen",IF(COUNTIF($U52:$W52,"Ja")>=2,"Interessant",IF(COUNTIF($U52:$W52,"Ja")=1,"Eigen beoordeling","Niet interessant"))) -> Niet interessant
A53: Koper | B53: Kolommen | C53: ='Koper-data'!B4 -> 0 | D53: 4 | E53: 20 | F53: 1 | G53: 5 | H53: 4 | I53: =IFERROR(ROUND(AVERAGE(Tabel26404142[[#This Row],[Demonteerbaarheid]],Tabel26404142[[#This Row],[Materiaalconditie ]],Tabel26404142[[#This Row],[Marktpotentie ]])/5,2),0) -> 0.67 | J53: =IF(Tabel26404142[[#This Row],[PRR]]="","Handmatig beoordelen",IF(Tabel26404142[[#This Row],[PRR]]>=0.7,"Hergebruik > recycling",IF(Tabel26404142[[#This Row],[PRR]]>=0.25,"Recycling","Handmatig beoordelen"))) -> Recycling | K53: =IF(Tabel26404142[[#This Row],[Routeadvies]]="Hergebruik","Niet standaard toegepast",IF(Tabel26404142[[#This Row],[Routeadvies]]="Hergebruik > recycling",">= 0,7",IF(Tabel26404142[[#This Row],[Routeadvies]]="Recycling",">= 0,25 en < 0,7",IF(Tabel26404142[[#This Row],[Routeadvies]]="Handmatig beoordelen","< 0,25 of geen score","")))) -> >= 0,25 en < 0,7 | L53: =IF($B53="Totaal","Totaal",IF(OR($B53="Installaties",$B53="Technische ruimte",$B53="Verdeelkast",$B53="Meterkast",$B53="Bliksemafleiding",$B53="Leidingnetten"),"Bijzonder koper",IF($G53="","Handmatig beoordelen",IF($G53>=4,"Rood koper",IF($G53>=3,"Knip koper",IF($G53>0,"Geel koper / Messing","Kabels inclusief isolatie")))))) -> Rood koper | M53: =IFERROR(Tabel26404142[[#This Row],[BIM-volume m³]]*Koper!$N$3+Tabel26404142[[#This Row],[BIM-volume m³]]*Tabel26404142[[#This Row],[Transport Impact]]*IF(Tabel26404142[[#This Row],[Transportafstand (km)]]="",0,Tabel26404142[[#This Row],[Transportafstand (km)]])/1000,0) -> 0 | N53: =IFERROR(Tabel26404142[[#This Row],[BIM-volume m³]]*Koper!$O$3+Tabel26404142[[#This Row],[BIM-volume m³]]*Tabel26404142[[#This Row],[Transport Impact]]*IF(Tabel26404142[[#This Row],[Transportafstand (km)]]="",0,Tabel26404142[[#This Row],[Transportafstand (km)]])/1000,0) -> 0 | O53: =IFERROR(Tabel26404142[[#This Row],[BIM-volume m³]]*Koper!$P$3+Tabel26404142[[#This Row],[BIM-volume m³]]*Tabel26404142[[#This Row],[Transport Impact]]*IF(Tabel26404142[[#This Row],[Transportafstand (km)]]="",0,Tabel26404142[[#This Row],[Transportafstand (km)]])/1000,0) -> 0 | P53: =IF($B60="Totaal",SUM($O$4:$O$12),IFERROR(MAX(0,$M53-MIN($N53,$O53)),0)) -> 0 | Q53: =IF(OR($M53="",$M53=0),"Geen beoordeling",IF(AND($N53=0,$O53=0),"Geen beoordeling",IF($N53<$O53,"Hergebruik",IF($O53<$N53,"Recycling","Hergebruik en recycling gelijk")))) -> Geen beoordeling | R53: =IFERROR(Tabel26404142[[#This Row],[BIM-volume m³]]*Tabel26404142[[#This Row],[PRR]],0) -> 0 | S53: =IFERROR(VLOOKUP(Tabel26404142[[#This Row],[Klasse]],Koper!$A$10:$D$13,4,FALSE),0) -> 2250 | T53: =Tabel26404142[[#This Row],[Praktisch terugwinbaar volume m³]]*Tabel26404142[[#This Row],[Verkoopprijs per m³]] -> 0 | U53: =IF(OR($L53="Handmatig beoordelen",$L53="",$L53="Totaal",$I53=""),"Handmatig",IF($I53>=70%,"Ja","Nee")) -> Nee | V53: =IF(OR($L53="Handmatig beoordelen",$L53="",$L53="Totaal",$Q53=""),"Handmatig",IF(OR($Q53="Hergebruik",$Q53="Recycling",$Q53="Hergebruik en recycling",$Q53="Hergebruik en recycling gelijk"),"Ja","Nee")) -> Nee | W53: =IF(OR($L53="Handmatig beoordelen",$L53="",$L53="Totaal"),"Handmatig",IF($T53>0,"Ja","Nee")) -> Nee | X53: =IF(OR($U53="Handmatig",$V53="Handmatig",$W53="Handmatig"),"Handmatig beoordelen",IF(COUNTIF($U53:$W53,"Ja")>=2,"Interessant",IF(COUNTIF($U53:$W53,"Ja")=1,"Eigen beoordeling","Niet interessant"))) -> Niet interessant
A54: Koper | B54: Gevelpanelen | C54: ='Koper-data'!B5 -> 0 | D54: 4 | E54: 20 | F54: 5 | G54: 4 | H54: 4 | I54: =IFERROR(ROUND(AVERAGE(Tabel26404142[[#This Row],[Demonteerbaarheid]],Tabel26404142[[#This Row],[Materiaalconditie ]],Tabel26404142[[#This Row],[Marktpotentie ]])/5,2),0) -> 0.87 | J54: =IF(Tabel26404142[[#This Row],[PRR]]="","Handmatig beoordelen",IF(Tabel26404142[[#This Row],[PRR]]>=0.7,"Hergebruik > recycling",IF(Tabel26404142[[#This Row],[PRR]]>=0.25,"Recycling","Handmatig beoordelen"))) -> Hergebruik > recycling | K54: =IF(Tabel26404142[[#This Row],[Routeadvies]]="Hergebruik","Niet standaard toegepast",IF(Tabel26404142[[#This Row],[Routeadvies]]="Hergebruik > recycling",">= 0,7",IF(Tabel26404142[[#This Row],[Routeadvies]]="Recycling",">= 0,25 en < 0,7",IF(Tabel26404142[[#This Row],[Routeadvies]]="Handmatig beoordelen","< 0,25 of geen score","")))) -> >= 0,7 | L54: =IF($B54="Totaal","Totaal",IF(OR($B54="Installaties",$B54="Technische ruimte",$B54="Verdeelkast",$B54="Meterkast",$B54="Bliksemafleiding",$B54="Leidingnetten"),"Bijzonder koper",IF($G54="","Handmatig beoordelen",IF($G54>=4,"Rood koper",IF($G54>=3,"Knip koper",IF($G54>0,"Geel koper / Messing","Kabels inclusief isolatie")))))) -> Rood koper | M54: =IFERROR(Tabel26404142[[#This Row],[BIM-volume m³]]*Koper!$N$3+Tabel26404142[[#This Row],[BIM-volume m³]]*Tabel26404142[[#This Row],[Transport Impact]]*IF(Tabel26404142[[#This Row],[Transportafstand (km)]]="",0,Tabel26404142[[#This Row],[Transportafstand (km)]])/1000,0) -> 0 | N54: =IFERROR(Tabel26404142[[#This Row],[BIM-volume m³]]*Koper!$O$3+Tabel26404142[[#This Row],[BIM-volume m³]]*Tabel26404142[[#This Row],[Transport Impact]]*IF(Tabel26404142[[#This Row],[Transportafstand (km)]]="",0,Tabel26404142[[#This Row],[Transportafstand (km)]])/1000,0) -> 0 | O54: =IFERROR(Tabel26404142[[#This Row],[BIM-volume m³]]*Koper!$P$3+Tabel26404142[[#This Row],[BIM-volume m³]]*Tabel26404142[[#This Row],[Transport Impact]]*IF(Tabel26404142[[#This Row],[Transportafstand (km)]]="",0,Tabel26404142[[#This Row],[Transportafstand (km)]])/1000,0) -> 0 | P54: =IF($B61="Totaal",SUM($O$4:$O$12),IFERROR(MAX(0,$M54-MIN($N54,$O54)),0)) -> 0 | Q54: =IF(OR($M54="",$M54=0),"Geen beoordeling",IF(AND($N54=0,$O54=0),"Geen beoordeling",IF($N54<$O54,"Hergebruik",IF($O54<$N54,"Recycling","Hergebruik en recycling gelijk")))) -> Geen beoordeling | R54: =IFERROR(Tabel26404142[[#This Row],[BIM-volume m³]]*Tabel26404142[[#This Row],[PRR]],0) -> 0 | S54: =IFERROR(VLOOKUP(Tabel26404142[[#This Row],[Klasse]],Koper!$A$10:$D$13,4,FALSE),0) -> 2250 | T54: =Tabel26404142[[#This Row],[Praktisch terugwinbaar volume m³]]*Tabel26404142[[#This Row],[Verkoopprijs per m³]] -> 0 | U54: =IF(OR($L54="Handmatig beoordelen",$L54="",$L54="Totaal",$I54=""),"Handmatig",IF($I54>=70%,"Ja","Nee")) -> Ja | V54: =IF(OR($L54="Handmatig beoordelen",$L54="",$L54="Totaal",$Q54=""),"Handmatig",IF(OR($Q54="Hergebruik",$Q54="Recycling",$Q54="Hergebruik en recycling",$Q54="Hergebruik en recycling gelijk"),"Ja","Nee")) -> Nee | W54: =IF(OR($L54="Handmatig beoordelen",$L54="",$L54="Totaal"),"Handmatig",IF($T54>0,"Ja","Nee")) -> Nee | X54: =IF(OR($U54="Handmatig",$V54="Handmatig",$W54="Handmatig"),"Handmatig beoordelen",IF(COUNTIF($U54:$W54,"Ja")>=2,"Interessant",IF(COUNTIF($U54:$W54,"Ja")=1,"Eigen beoordeling","Niet interessant"))) -> Eigen beoordeling
A55: Koper | B55: Deuren | C55: ='Koper-data'!B6 -> 0 | D55: 4 | E55: 20 | F55: 5 | G55: 4 | H55: 5 | I55: =IFERROR(ROUND(AVERAGE(Tabel26404142[[#This Row],[Demonteerbaarheid]],Tabel26404142[[#This Row],[Materiaalconditie ]],Tabel26404142[[#This Row],[Marktpotentie ]])/5,2),0) -> 0.93 | J55: =IF(Tabel26404142[[#This Row],[PRR]]="","Handmatig beoordelen",IF(Tabel26404142[[#This Row],[PRR]]>=0.7,"Hergebruik > recycling",IF(Tabel26404142[[#This Row],[PRR]]>=0.25,"Recycling","Handmatig beoordelen"))) -> Hergebruik > recycling | K55: =IF(Tabel26404142[[#This Row],[Routeadvies]]="Hergebruik","Niet standaard toegepast",IF(Tabel26404142[[#This Row],[Routeadvies]]="Hergebruik > recycling",">= 0,7",IF(Tabel26404142[[#This Row],[Routeadvies]]="Recycling",">= 0,25 en < 0,7",IF(Tabel26404142[[#This Row],[Routeadvies]]="Handmatig beoordelen","< 0,25 of geen score","")))) -> >= 0,7 | L55: =IF($B55="Totaal","Totaal",IF(OR($B55="Installaties",$B55="Technische ruimte",$B55="Verdeelkast",$B55="Meterkast",$B55="Bliksemafleiding",$B55="Leidingnetten"),"Bijzonder koper",IF($G55="","Handmatig beoordelen",IF($G55>=4,"Rood koper",IF($G55>=3,"Knip koper",IF($G55>0,"Geel koper / Messing","Kabels inclusief isolatie")))))) -> Rood koper | M55: =IFERROR(Tabel26404142[[#This Row],[BIM-volume m³]]*Koper!$N$3+Tabel26404142[[#This Row],[BIM-volume m³]]*Tabel26404142[[#This Row],[Transport Impact]]*IF(Tabel26404142[[#This Row],[Transportafstand (km)]]="",0,Tabel26404142[[#This Row],[Transportafstand (km)]])/1000,0) -> 0 | N55: =IFERROR(Tabel26404142[[#This Row],[BIM-volume m³]]*Koper!$O$3+Tabel26404142[[#This Row],[BIM-volume m³]]*Tabel26404142[[#This Row],[Transport Impact]]*IF(Tabel26404142[[#This Row],[Transportafstand (km)]]="",0,Tabel26404142[[#This Row],[Transportafstand (km)]])/1000,0) -> 0 | O55: =IFERROR(Tabel26404142[[#This Row],[BIM-volume m³]]*Koper!$P$3+Tabel26404142[[#This Row],[BIM-volume m³]]*Tabel26404142[[#This Row],[Transport Impact]]*IF(Tabel26404142[[#This Row],[Transportafstand (km)]]="",0,Tabel26404142[[#This Row],[Transportafstand (km)]])/1000,0) -> 0 | P55: =IF($B62="Totaal",SUM($O$4:$O$12),IFERROR(MAX(0,$M55-MIN($N55,$O55)),0)) -> 0 | Q55: =IF(OR($M55="",$M55=0),"Geen beoordeling",IF(AND($N55=0,$O55=0),"Geen beoordeling",IF($N55<$O55,"Hergebruik",IF($O55<$N55,"Recycling","Hergebruik en recycling gelijk")))) -> Geen beoordeling | R55: =IFERROR(Tabel26404142[[#This Row],[BIM-volume m³]]*Tabel26404142[[#This Row],[PRR]],0) -> 0 | S55: =IFERROR(VLOOKUP(Tabel26404142[[#This Row],[Klasse]],Koper!$A$10:$D$13,4,FALSE),0) -> 2250 | T55: =Tabel26404142[[#This Row],[Praktisch terugwinbaar volume m³]]*Tabel26404142[[#This Row],[Verkoopprijs per m³]] -> 0 | U55: =IF(OR($L55="Handmatig beoordelen",$L55="",$L55="Totaal",$I55=""),"Handmatig",IF($I55>=70%,"Ja","Nee")) -> Ja | V55: =IF(OR($L55="Handmatig beoordelen",$L55="",$L55="Totaal",$Q55=""),"Handmatig",IF(OR($Q55="Hergebruik",$Q55="Recycling",$Q55="Hergebruik en recycling",$Q55="Hergebruik en recycling gelijk"),"Ja","Nee")) -> Nee | W55: =IF(OR($L55="Handmatig beoordelen",$L55="",$L55="Totaal"),"Handmatig",IF($T55>0,"Ja","Nee")) -> Nee | X55: =IF(OR($U55="Handmatig",$V55="Handmatig",$W55="Handmatig"),"Handmatig beoordelen",IF(COUNTIF($U55:$W55,"Ja")>=2,"Interessant",IF(COUNTIF($U55:$W55,"Ja")=1,"Eigen beoordeling","Niet interessant"))) -> Eigen beoordeling
A56: Koper | B56: Vloeren | C56: ='Koper-data'!B7 -> 0 | D56: 4 | E56: 20 | F56: 1 | G56: 4 | H56: 3 | I56: =IFERROR(ROUND(AVERAGE(Tabel26404142[[#This Row],[Demonteerbaarheid]],Tabel26404142[[#This Row],[Materiaalconditie ]],Tabel26404142[[#This Row],[Marktpotentie ]])/5,2),0) -> 0.53 | J56: =IF(Tabel26404142[[#This Row],[PRR]]="","Handmatig beoordelen",IF(Tabel26404142[[#This Row],[PRR]]>=0.7,"Hergebruik > recycling",IF(Tabel26404142[[#This Row],[PRR]]>=0.25,"Recycling","Handmatig beoordelen"))) -> Recycling | K56: =IF(Tabel26404142[[#This Row],[Routeadvies]]="Hergebruik","Niet standaard toegepast",IF(Tabel26404142[[#This Row],[Routeadvies]]="Hergebruik > recycling",">= 0,7",IF(Tabel26404142[[#This Row],[Routeadvies]]="Recycling",">= 0,25 en < 0,7",IF(Tabel26404142[[#This Row],[Routeadvies]]="Handmatig beoordelen","< 0,25 of geen score","")))) -> >= 0,25 en < 0,7 | L56: =IF($B56="Totaal","Totaal",IF(OR($B56="Installaties",$B56="Technische ruimte",$B56="Verdeelkast",$B56="Meterkast",$B56="Bliksemafleiding",$B56="Leidingnetten"),"Bijzonder koper",IF($G56="","Handmatig beoordelen",IF($G56>=4,"Rood koper",IF($G56>=3,"Knip koper",IF($G56>0,"Geel koper / Messing","Kabels inclusief isolatie")))))) -> Rood koper | M56: =IFERROR(Tabel26404142[[#This Row],[BIM-volume m³]]*Koper!$N$3+Tabel26404142[[#This Row],[BIM-volume m³]]*Tabel26404142[[#This Row],[Transport Impact]]*IF(Tabel26404142[[#This Row],[Transportafstand (km)]]="",0,Tabel26404142[[#This Row],[Transportafstand (km)]])/1000,0) -> 0 | N56: =IFERROR(Tabel26404142[[#This Row],[BIM-volume m³]]*Koper!$O$3+Tabel26404142[[#This Row],[BIM-volume m³]]*Tabel26404142[[#This Row],[Transport Impact]]*IF(Tabel26404142[[#This Row],[Transportafstand (km)]]="",0,Tabel26404142[[#This Row],[Transportafstand (km)]])/1000,0) -> 0 | O56: =IFERROR(Tabel26404142[[#This Row],[BIM-volume m³]]*Koper!$P$3+Tabel26404142[[#This Row],[BIM-volume m³]]*Tabel26404142[[#This Row],[Transport Impact]]*IF(Tabel26404142[[#This Row],[Transportafstand (km)]]="",0,Tabel26404142[[#This Row],[Transportafstand (km)]])/1000,0) -> 0 | P56: =IF($B63="Totaal",SUM($O$4:$O$12),IFERROR(MAX(0,$M56-MIN($N56,$O56)),0)) -> 0 | Q56: =IF(OR($M56="",$M56=0),"Geen beoordeling",IF(AND($N56=0,$O56=0),"Geen beoordeling",IF($N56<$O56,"Hergebruik",IF($O56<$N56,"Recycling","Hergebruik en recycling gelijk")))) -> Geen beoordeling | R56: =IFERROR(Tabel26404142[[#This Row],[BIM-volume m³]]*Tabel26404142[[#This Row],[PRR]],0) -> 0 | S56: =IFERROR(VLOOKUP(Tabel26404142[[#This Row],[Klasse]],Koper!$A$10:$D$13,4,FALSE),0) -> 2250 | T56: =Tabel26404142[[#This Row],[Praktisch terugwinbaar volume m³]]*Tabel26404142[[#This Row],[Verkoopprijs per m³]] -> 0 | U56: =IF(OR($L56="Handmatig beoordelen",$L56="",$L56="Totaal",$I56=""),"Handmatig",IF($I56>=70%,"Ja","Nee")) -> Nee | V56: =IF(OR($L56="Handmatig beoordelen",$L56="",$L56="Totaal",$Q56=""),"Handmatig",IF(OR($Q56="Hergebruik",$Q56="Recycling",$Q56="Hergebruik en recycling",$Q56="Hergebruik en recycling gelijk"),"Ja","Nee")) -> Nee | W56: =IF(OR($L56="Handmatig beoordelen",$L56="",$L56="Totaal"),"Handmatig",IF($T56>0,"Ja","Nee")) -> Nee | X56: =IF(OR($U56="Handmatig",$V56="Handmatig",$W56="Handmatig"),"Handmatig beoordelen",IF(COUNTIF($U56:$W56,"Ja")>=2,"Interessant",IF(COUNTIF($U56:$W56,"Ja")=1,"Eigen beoordeling","Niet interessant"))) -> Niet interessant
A57: Koper | B57: Daken | C57: ='Koper-data'!B8 -> 0 | D57: 4 | E57: 20 | F57: 5 | G57: 4 | H57: 4 | I57: =IFERROR(ROUND(AVERAGE(Tabel26404142[[#This Row],[Demonteerbaarheid]],Tabel26404142[[#This Row],[Materiaalconditie ]],Tabel26404142[[#This Row],[Marktpotentie ]])/5,2),0) -> 0.87 | J57: =IF(Tabel26404142[[#This Row],[PRR]]="","Handmatig beoordelen",IF(Tabel26404142[[#This Row],[PRR]]>=0.7,"Hergebruik > recycling",IF(Tabel26404142[[#This Row],[PRR]]>=0.25,"Recycling","Handmatig beoordelen"))) -> Hergebruik > recycling | K57: =IF(Tabel26404142[[#This Row],[Routeadvies]]="Hergebruik","Niet standaard toegepast",IF(Tabel26404142[[#This Row],[Routeadvies]]="Hergebruik > recycling",">= 0,7",IF(Tabel26404142[[#This Row],[Routeadvies]]="Recycling",">= 0,25 en < 0,7",IF(Tabel26404142[[#This Row],[Routeadvies]]="Handmatig beoordelen","< 0,25 of geen score","")))) -> >= 0,7 | L57: =IF($B57="Totaal","Totaal",IF(OR($B57="Installaties",$B57="Technische ruimte",$B57="Verdeelkast",$B57="Meterkast",$B57="Bliksemafleiding",$B57="Leidingnetten"),"Bijzonder koper",IF($G57="","Handmatig beoordelen",IF($G57>=4,"Rood koper",IF($G57>=3,"Knip koper",IF($G57>0,"Geel koper / Messing","Kabels inclusief isolatie")))))) -> Rood koper | M57: =IFERROR(Tabel26404142[[#This Row],[BIM-volume m³]]*Koper!$N$3+Tabel26404142[[#This Row],[BIM-volume m³]]*Tabel26404142[[#This Row],[Transport Impact]]*IF(Tabel26404142[[#This Row],[Transportafstand (km)]]="",0,Tabel26404142[[#This Row],[Transportafstand (km)]])/1000,0) -> 0 | N57: =IFERROR(Tabel26404142[[#This Row],[BIM-volume m³]]*Koper!$O$3+Tabel26404142[[#This Row],[BIM-volume m³]]*Tabel26404142[[#This Row],[Transport Impact]]*IF(Tabel26404142[[#This Row],[Transportafstand (km)]]="",0,Tabel26404142[[#This Row],[Transportafstand (km)]])/1000,0) -> 0 | O57: =IFERROR(Tabel26404142[[#This Row],[BIM-volume m³]]*Koper!$P$3+Tabel26404142[[#This Row],[BIM-volume m³]]*Tabel26404142[[#This Row],[Transport Impact]]*IF(Tabel26404142[[#This Row],[Transportafstand (km)]]="",0,Tabel26404142[[#This Row],[Transportafstand (km)]])/1000,0) -> 0 | P57: =IF($B64="Totaal",SUM($O$4:$O$12),IFERROR(MAX(0,$M57-MIN($N57,$O57)),0)) -> 0 | Q57: =IF(OR($M57="",$M57=0),"Geen beoordeling",IF(AND($N57=0,$O57=0),"Geen beoordeling",IF($N57<$O57,"Hergebruik",IF($O57<$N57,"Recycling","Hergebruik en recycling gelijk")))) -> Geen beoordeling | R57: =IFERROR(Tabel26404142[[#This Row],[BIM-volume m³]]*Tabel26404142[[#This Row],[PRR]],0) -> 0 | S57: =IFERROR(VLOOKUP(Tabel26404142[[#This Row],[Klasse]],Koper!$A$10:$D$13,4,FALSE),0) -> 2250 | T57: =Tabel26404142[[#This Row],[Praktisch terugwinbaar volume m³]]*Tabel26404142[[#This Row],[Verkoopprijs per m³]] -> 0 | U57: =IF(OR($L57="Handmatig beoordelen",$L57="",$L57="Totaal",$I57=""),"Handmatig",IF($I57>=70%,"Ja","Nee")) -> Ja | V57: =IF(OR($L57="Handmatig beoordelen",$L57="",$L57="Totaal",$Q57=""),"Handmatig",IF(OR($Q57="Hergebruik",$Q57="Recycling",$Q57="Hergebruik en recycling",$Q57="Hergebruik en recycling gelijk"),"Ja","Nee")) -> Nee | W57: =IF(OR($L57="Handmatig beoordelen",$L57="",$L57="Totaal"),"Handmatig",IF($T57>0,"Ja","Nee")) -> Nee | X57: =IF(OR($U57="Handmatig",$V57="Handmatig",$W57="Handmatig"),"Handmatig beoordelen",IF(COUNTIF($U57:$W57,"Ja")>=2,"Interessant",IF(COUNTIF($U57:$W57,"Ja")=1,"Eigen beoordeling","Niet interessant"))) -> Eigen beoordeling
A58: Koper | B58: Wanden | C58: ='Koper-data'!B9 -> 0 | D58: 4 | E58: 20 | F58: 1 | G58: 4 | H58: 5 | I58: =IFERROR(ROUND(AVERAGE(Tabel26404142[[#This Row],[Demonteerbaarheid]],Tabel26404142[[#This Row],[Materiaalconditie ]],Tabel26404142[[#This Row],[Marktpotentie ]])/5,2),0) -> 0.67 | J58: =IF(Tabel26404142[[#This Row],[PRR]]="","Handmatig beoordelen",IF(Tabel26404142[[#This Row],[PRR]]>=0.7,"Hergebruik > recycling",IF(Tabel26404142[[#This Row],[PRR]]>=0.25,"Recycling","Handmatig beoordelen"))) -> Recycling | K58: =IF(Tabel26404142[[#This Row],[Routeadvies]]="Hergebruik","Niet standaard toegepast",IF(Tabel26404142[[#This Row],[Routeadvies]]="Hergebruik > recycling",">= 0,7",IF(Tabel26404142[[#This Row],[Routeadvies]]="Recycling",">= 0,25 en < 0,7",IF(Tabel26404142[[#This Row],[Routeadvies]]="Handmatig beoordelen","< 0,25 of geen score","")))) -> >= 0,25 en < 0,7 | L58: =IF($B58="Totaal","Totaal",IF(OR($B58="Installaties",$B58="Technische ruimte",$B58="Verdeelkast",$B58="Meterkast",$B58="Bliksemafleiding",$B58="Leidingnetten"),"Bijzonder koper",IF($G58="","Handmatig beoordelen",IF($G58>=4,"Rood koper",IF($G58>=3,"Knip koper",IF($G58>0,"Geel koper / Messing","Kabels inclusief isolatie")))))) -> Rood koper | M58: =IFERROR(Tabel26404142[[#This Row],[BIM-volume m³]]*Koper!$N$3+Tabel26404142[[#This Row],[BIM-volume m³]]*Tabel26404142[[#This Row],[Transport Impact]]*IF(Tabel26404142[[#This Row],[Transportafstand (km)]]="",0,Tabel26404142[[#This Row],[Transportafstand (km)]])/1000,0) -> 0 | N58: =IFERROR(Tabel26404142[[#This Row],[BIM-volume m³]]*Koper!$O$3+Tabel26404142[[#This Row],[BIM-volume m³]]*Tabel26404142[[#This Row],[Transport Impact]]*IF(Tabel26404142[[#This Row],[Transportafstand (km)]]="",0,Tabel26404142[[#This Row],[Transportafstand (km)]])/1000,0) -> 0 | O58: =IFERROR(Tabel26404142[[#This Row],[BIM-volume m³]]*Koper!$P$3+Tabel26404142[[#This Row],[BIM-volume m³]]*Tabel26404142[[#This Row],[Transport Impact]]*IF(Tabel26404142[[#This Row],[Transportafstand (km)]]="",0,Tabel26404142[[#This Row],[Transportafstand (km)]])/1000,0) -> 0 | P58: =IF($B65="Totaal",SUM($O$4:$O$12),IFERROR(MAX(0,$M58-MIN($N58,$O58)),0)) -> 0 | Q58: =IF(OR($M58="",$M58=0),"Geen beoordeling",IF(AND($N58=0,$O58=0),"Geen beoordeling",IF($N58<$O58,"Hergebruik",IF($O58<$N58,"Recycling","Hergebruik en recycling gelijk")))) -> Geen beoordeling | R58: =IFERROR(Tabel26404142[[#This Row],[BIM-volume m³]]*Tabel26404142[[#This Row],[PRR]],0) -> 0 | S58: =IFERROR(VLOOKUP(Tabel26404142[[#This Row],[Klasse]],Koper!$A$10:$D$13,4,FALSE),0) -> 2250 | T58: =Tabel26404142[[#This Row],[Praktisch terugwinbaar volume m³]]*Tabel26404142[[#This Row],[Verkoopprijs per m³]] -> 0 | U58: =IF(OR($L58="Handmatig beoordelen",$L58="",$L58="Totaal",$I58=""),"Handmatig",IF($I58>=70%,"Ja","Nee")) -> Nee | V58: =IF(OR($L58="Handmatig beoordelen",$L58="",$L58="Totaal",$Q58=""),"Handmatig",IF(OR($Q58="Hergebruik",$Q58="Recycling",$Q58="Hergebruik en recycling",$Q58="Hergebruik en recycling gelijk"),"Ja","Nee")) -> Nee | W58: =IF(OR($L58="Handmatig beoordelen",$L58="",$L58="Totaal"),"Handmatig",IF($T58>0,"Ja","Nee")) -> Nee | X58: =IF(OR($U58="Handmatig",$V58="Handmatig",$W58="Handmatig"),"Handmatig beoordelen",IF(COUNTIF($U58:$W58,"Ja")>=2,"Interessant",IF(COUNTIF($U58:$W58,"Ja")=1,"Eigen beoordeling","Niet interessant"))) -> Niet interessant
A59: Koper | B59: Ramen | C59: ='Koper-data'!B10 -> 0 | D59: 4 | E59: 20 | F59: 5 | G59: 3 | H59: 4 | I59: =IFERROR(ROUND(AVERAGE(Tabel26404142[[#This Row],[Demonteerbaarheid]],Tabel26404142[[#This Row],[Materiaalconditie ]],Tabel26404142[[#This Row],[Marktpotentie ]])/5,2),0) -> 0.8 | J59: =IF(Tabel26404142[[#This Row],[PRR]]="","Handmatig beoordelen",IF(Tabel26404142[[#This Row],[PRR]]>=0.7,"Hergebruik > recycling",IF(Tabel26404142[[#This Row],[PRR]]>=0.25,"Recycling","Handmatig beoordelen"))) -> Hergebruik > recycling | K59: =IF(Tabel26404142[[#This Row],[Routeadvies]]="Hergebruik","Niet standaard toegepast",IF(Tabel26404142[[#This Row],[Routeadvies]]="Hergebruik > recycling",">= 0,7",IF(Tabel26404142[[#This Row],[Routeadvies]]="Recycling",">= 0,25 en < 0,7",IF(Tabel26404142[[#This Row],[Routeadvies]]="Handmatig beoordelen","< 0,25 of geen score","")))) -> >= 0,7 | L59: =IF($B59="Totaal","Totaal",IF(OR($B59="Installaties",$B59="Technische ruimte",$B59="Verdeelkast",$B59="Meterkast",$B59="Bliksemafleiding",$B59="Leidingnetten"),"Bijzonder koper",IF($G59="","Handmatig beoordelen",IF($G59>=4,"Rood koper",IF($G59>=3,"Knip koper",IF($G59>0,"Geel koper / Messing","Kabels inclusief isolatie")))))) -> Knip koper | M59: =IFERROR(Tabel26404142[[#This Row],[BIM-volume m³]]*Koper!$N$3+Tabel26404142[[#This Row],[BIM-volume m³]]*Tabel26404142[[#This Row],[Transport Impact]]*IF(Tabel26404142[[#This Row],[Transportafstand (km)]]="",0,Tabel26404142[[#This Row],[Transportafstand (km)]])/1000,0) -> 0 | N59: =IFERROR(Tabel26404142[[#This Row],[BIM-volume m³]]*Koper!$O$3+Tabel26404142[[#This Row],[BIM-volume m³]]*Tabel26404142[[#This Row],[Transport Impact]]*IF(Tabel26404142[[#This Row],[Transportafstand (km)]]="",0,Tabel26404142[[#This Row],[Transportafstand (km)]])/1000,0) -> 0 | O59: =IFERROR(Tabel26404142[[#This Row],[BIM-volume m³]]*Koper!$P$3+Tabel26404142[[#This Row],[BIM-volume m³]]*Tabel26404142[[#This Row],[Transport Impact]]*IF(Tabel26404142[[#This Row],[Transportafstand (km)]]="",0,Tabel26404142[[#This Row],[Transportafstand (km)]])/1000,0) -> 0 | P59: =IF($B66="Totaal",SUM($O$4:$O$12),IFERROR(MAX(0,$M59-MIN($N59,$O59)),0)) -> 0 | Q59: =IF(OR($M59="",$M59=0),"Geen beoordeling",IF(AND($N59=0,$O59=0),"Geen beoordeling",IF($N59<$O59,"Hergebruik",IF($O59<$N59,"Recycling","Hergebruik en recycling gelijk")))) -> Geen beoordeling | R59: =IFERROR(Tabel26404142[[#This Row],[BIM-volume m³]]*Tabel26404142[[#This Row],[PRR]],0) -> 0 | S59: =IFERROR(VLOOKUP(Tabel26404142[[#This Row],[Klasse]],Koper!$A$10:$D$13,4,FALSE),0) -> 2024 | T59: =Tabel26404142[[#This Row],[Praktisch terugwinbaar volume m³]]*Tabel26404142[[#This Row],[Verkoopprijs per m³]] -> 0 | U59: =IF(OR($L59="Handmatig beoordelen",$L59="",$L59="Totaal",$I59=""),"Handmatig",IF($I59>=70%,"Ja","Nee")) -> Ja | V59: =IF(OR($L59="Handmatig beoordelen",$L59="",$L59="Totaal",$Q59=""),"Handmatig",IF(OR($Q59="Hergebruik",$Q59="Recycling",$Q59="Hergebruik en recycling",$Q59="Hergebruik en recycling gelijk"),"Ja","Nee")) -> Nee | W59: =IF(OR($L59="Handmatig beoordelen",$L59="",$L59="Totaal"),"Handmatig",IF($T59>0,"Ja","Nee")) -> Nee | X59: =IF(OR($U59="Handmatig",$V59="Handmatig",$W59="Handmatig"),"Handmatig beoordelen",IF(COUNTIF($U59:$W59,"Ja")>=2,"Interessant",IF(COUNTIF($U59:$W59,"Ja")=1,"Eigen beoordeling","Niet interessant"))) -> Eigen beoordeling
A60: Koper | B60: Trappen | C60: ='Koper-data'!B11 -> 0 | D60: 4 | E60: 20 | F60: 5 | G60: 4 | H60: 5 | I60: =IFERROR(ROUND(AVERAGE(Tabel26404142[[#This Row],[Demonteerbaarheid]],Tabel26404142[[#This Row],[Materiaalconditie ]],Tabel26404142[[#This Row],[Marktpotentie ]])/5,2),0) -> 0.93 | J60: =IF(Tabel26404142[[#This Row],[PRR]]="","Handmatig beoordelen",IF(Tabel26404142[[#This Row],[PRR]]>=0.7,"Hergebruik > recycling",IF(Tabel26404142[[#This Row],[PRR]]>=0.25,"Recycling","Handmatig beoordelen"))) -> Hergebruik > recycling | K60: =IF(Tabel26404142[[#This Row],[Routeadvies]]="Hergebruik","Niet standaard toegepast",IF(Tabel26404142[[#This Row],[Routeadvies]]="Hergebruik > recycling",">= 0,7",IF(Tabel26404142[[#This Row],[Routeadvies]]="Recycling",">= 0,25 en < 0,7",IF(Tabel26404142[[#This Row],[Routeadvies]]="Handmatig beoordelen","< 0,25 of geen score","")))) -> >= 0,7 | L60: =IF($B60="Totaal","Totaal",IF(OR($B60="Installaties",$B60="Technische ruimte",$B60="Verdeelkast",$B60="Meterkast",$B60="Bliksemafleiding",$B60="Leidingnetten"),"Bijzonder koper",IF($G60="","Handmatig beoordelen",IF($G60>=4,"Rood koper",IF($G60>=3,"Knip koper",IF($G60>0,"Geel koper / Messing","Kabels inclusief isolatie")))))) -> Rood koper | M60: =IFERROR(Tabel26404142[[#This Row],[BIM-volume m³]]*Koper!$N$3+Tabel26404142[[#This Row],[BIM-volume m³]]*Tabel26404142[[#This Row],[Transport Impact]]*IF(Tabel26404142[[#This Row],[Transportafstand (km)]]="",0,Tabel26404142[[#This Row],[Transportafstand (km)]])/1000,0) -> 0 | N60: =IFERROR(Tabel26404142[[#This Row],[BIM-volume m³]]*Koper!$O$3+Tabel26404142[[#This Row],[BIM-volume m³]]*Tabel26404142[[#This Row],[Transport Impact]]*IF(Tabel26404142[[#This Row],[Transportafstand (km)]]="",0,Tabel26404142[[#This Row],[Transportafstand (km)]])/1000,0) -> 0 | O60: =IFERROR(Tabel26404142[[#This Row],[BIM-volume m³]]*Koper!$P$3+Tabel26404142[[#This Row],[BIM-volume m³]]*Tabel26404142[[#This Row],[Transport Impact]]*IF(Tabel26404142[[#This Row],[Transportafstand (km)]]="",0,Tabel26404142[[#This Row],[Transportafstand (km)]])/1000,0) -> 0 | P60: =IF($B67="Totaal",SUM($O$4:$O$12),IFERROR(MAX(0,$M60-MIN($N60,$O60)),0)) -> 0 | Q60: =IF(OR($M60="",$M60=0),"Geen beoordeling",IF(AND($N60=0,$O60=0),"Geen beoordeling",IF($N60<$O60,"Hergebruik",IF($O60<$N60,"Recycling","Hergebruik en recycling gelijk")))) -> Geen beoordeling | R60: =IFERROR(Tabel26404142[[#This Row],[BIM-volume m³]]*Tabel26404142[[#This Row],[PRR]],0) -> 0 | S60: =IFERROR(VLOOKUP(Tabel26404142[[#This Row],[Klasse]],Koper!$A$10:$D$13,4,FALSE),0) -> 2250 | T60: =Tabel26404142[[#This Row],[Praktisch terugwinbaar volume m³]]*Tabel26404142[[#This Row],[Verkoopprijs per m³]] -> 0 | U60: =IF(OR($L60="Handmatig beoordelen",$L60="",$L60="Totaal",$I60=""),"Handmatig",IF($I60>=70%,"Ja","Nee")) -> Ja | V60: =IF(OR($L60="Handmatig beoordelen",$L60="",$L60="Totaal",$Q60=""),"Handmatig",IF(OR($Q60="Hergebruik",$Q60="Recycling",$Q60="Hergebruik en recycling",$Q60="Hergebruik en recycling gelijk"),"Ja","Nee")) -> Nee | W60: =IF(OR($L60="Handmatig beoordelen",$L60="",$L60="Totaal"),"Handmatig",IF($T60>0,"Ja","Nee")) -> Nee | X60: =IF(OR($U60="Handmatig",$V60="Handmatig",$W60="Handmatig"),"Handmatig beoordelen",IF(COUNTIF($U60:$W60,"Ja")>=2,"Interessant",IF(COUNTIF($U60:$W60,"Ja")=1,"Eigen beoordeling","Niet interessant"))) -> Eigen beoordeling

Sheet Hout
A1: Materiaal gegevens | E1: Recovery rate | M1: Klimaatimpact | W1: Fincancieel
A2: Materiaal-ID | B2: Element | C2: Materiaalcategorie | D2: Volume (m3) | E2: Demonteerbaarheid | F2: Materiaalconditie | G2: Marktpotentie | H2: Gem. score | I2: Geschatte recovery rate (%) | J2: Hout klasse | K2: Routeadvies | L2: Hoog-/laagwaardig | M2: CO2-nieuw (kg) | N2: CO2-Hergebruik (kg) | O2: CO2- recycle (kg) | P2: Transport-impact | Q2: Transport afstand (km) | R2: Totale CO2 nieuw (kg) | S2: Totale CO2 hergebruik | T2: Totale Co2 recycling | U2: Klimaatbesparing (kg co2) | V2: Laagste uitstoot | W2: Verkoopbaar volume (m3) | X2: Verkoopprijs aan retailer per m³ | Y2: Financiële marktwaarde excl. kosten
B3: Hout | D3: =SUM(D4:D8) -> 50.17 | E3: =AVERAGE(E4:E8) -> 4.4 | F3: =AVERAGE(F4:F8) -> 3.2 | G3: =AVERAGE(G4:G8) -> 3 | H3: =IF(COUNTA(E4:G4)=0,"",AVERAGE(E4:G4)) -> 4.3333333 | I3: =IFERROR(ROUND(Tabel113[[#This Row],[Gem. score]]/5,2),0) -> 0.87 | K3: =IF(J3="A-hout","Hergebruik",IF(J3="C-hout","Recycling",IF(H3>=4,"Hergebruik","Recycling"))) -> Hergebruik | L3: =IF(I3>=75%,"Hoogwaardig","Laagwaardig") -> Hoogwaardig | M3: 240 | N3: 45 | O3: 150 | P3: 2 | Q3: 20 | R3: =Tabel113[[#This Row],[Volume (m3)]]*Tabel113[[#This Row],[CO2-nieuw (kg)]]+Tabel113[[#This Row],[Volume (m3)]]*Tabel113[[#This Row],[Transport-impact ]]*Tabel113[[#This Row],[Transport afstand (km)]] -> 14047.6 | S3: =Tabel113[[#This Row],[Volume (m3)]]*Tabel113[[#This Row],[CO2-Hergebruik (kg)]]+Tabel113[[#This Row],[Volume (m3)]]*Tabel113[[#This Row],[Transport-impact ]]*Tabel113[[#This Row],[Transport afstand (km)]] -> 4264.45 | T3: =Tabel113[[#This Row],[Volume (m3)]]*Tabel113[[#This Row],[CO2- recycle (kg)]]+Tabel113[[#This Row],[Volume (m3)]]*Tabel113[[#This Row],[Transport-impact ]]*Tabel113[[#This Row],[Transport afstand (km)]] -> 9532.3 | U3: =IF(V3="hergebruik",R3-S3,IF(V3="recycling",T3-S3,"")) -> 9783.15 | V3: =IF(S3=MIN(R3:T3),"Hergebruik",IF(T3=MIN(R3:T3),"Recycling","Nieuw")) -> Hergebruik | W3: =Tabel113[[#This Row],[Volume (m3)]]*Tabel113[[#This Row],[Geschatte recovery rate (%)]] -> 43.6479 | X3: =IF($J3="Totaal","",IFERROR(VLOOKUP($J3,Hout!$A$11:$D$14,4,FALSE),0)) -> 0 | Y3: =Tabel113[[#This Row],[Verkoopbaar volume (m3)]]*Tabel113[[#This Row],[Verkoopprijs aan retailer per m³]] -> 0
A4: 1 | B4: houten vloerbalk | C4: Massief constructiehout | D4: 20 | E4: 5 | F4: 4 | G4: 4 | H4: =IF(COUNTA(E4:G4)=0,"",AVERAGE(E4:G4)) -> 4.3333333 | I4: =IFERROR(ROUND(Tabel113[[#This Row],[Gem. score]]/5,2),0) -> 0.87 | J4: =IF(F4="","",IF(F4>=4,"A-Hout",IF(F4>=2.75,"B-Hout","C-Hout"))) -> A-Hout | K4: =IF(J4="A-hout","Hergebruik",IF(J4="C-hout","Recycling",IF(H4>=4,"Hergebruik","Recycling"))) -> Hergebruik | L4: =IF(I4>=75%,"Hoogwaardig","Laagwaardig") -> Hoogwaardig | M4: 240 | N4: 45 | O4: 150 | P4: 2 | Q4: 20 | R4: =Tabel113[[#This Row],[Volume (m3)]]*Tabel113[[#This Row],[CO2-nieuw (kg)]]+Tabel113[[#This Row],[Volume (m3)]]*Tabel113[[#This Row],[Transport-impact ]]*Tabel113[[#This Row],[Transport afstand (km)]] -> 5600 | S4: =Tabel113[[#This Row],[Volume (m3)]]*Tabel113[[#This Row],[CO2-Hergebruik (kg)]]+Tabel113[[#This Row],[Volume (m3)]]*Tabel113[[#This Row],[Transport-impact ]]*Tabel113[[#This Row],[Transport afstand (km)]] -> 1700 | T4: =Tabel113[[#This Row],[Volume (m3)]]*Tabel113[[#This Row],[CO2- recycle (kg)]]+Tabel113[[#This Row],[Volume (m3)]]*Tabel113[[#This Row],[Transport-impact ]]*Tabel113[[#This Row],[Transport afstand (km)]] -> 3800 | U4: =IF(V4="hergebruik",R4-S4,IF(V4="recycling",T4-S4,"")) -> 3900 | V4: =IF(S4=MIN(R4:T4),"Hergebruik",IF(T4=MIN(R4:T4),"Recycling","Nieuw")) -> Hergebruik | W4: =Tabel113[[#This Row],[Volume (m3)]]*Tabel113[[#This Row],[Geschatte recovery rate (%)]] -> 17.4 | X4: =IF($J4="Totaal","",IFERROR(VLOOKUP($J4,Hout!$A$11:$D$14,4,FALSE),0)) -> 243.75 | Y4: =Tabel113[[#This Row],[Verkoopbaar volume (m3)]]*Tabel113[[#This Row],[Verkoopprijs aan retailer per m³]] -> 4241.25
A5: 2 | B5: spaanplaat | C5: Plaatmateriaal en bewerkt hout | D5: 10 | E5: 5 | F5: 4 | G5: 3 | H5: =IF(COUNTA(E5:G5)=0,"",AVERAGE(E5:G5)) -> 4 | I5: =IFERROR(ROUND(Tabel113[[#This Row],[Gem. score]]/5,2),0) -> 0.8 | J5: =IF(F5="","",IF(F5>=4,"A-Hout",IF(F5>=2.75,"B-Hout","C-Hout"))) -> A-Hout | K5: =IF(J5="A-hout","Hergebruik",IF(J5="C-hout","Recycling",IF(H5>=4,"Hergebruik","Recycling"))) -> Hergebruik | L5: =IF(I5>=75%,"Hoogwaardig","Laagwaardig") -> Hoogwaardig | M5: 240 | N5: 45 | O5: 150 | P5: 2 | Q5: 20 | R5: =Tabel113[[#This Row],[Volume (m3)]]*Tabel113[[#This Row],[CO2-nieuw (kg)]]+Tabel113[[#This Row],[Volume (m3)]]*Tabel113[[#This Row],[Transport-impact ]]*Tabel113[[#This Row],[Transport afstand (km)]] -> 2800 | S5: =Tabel113[[#This Row],[Volume (m3)]]*Tabel113[[#This Row],[CO2-Hergebruik (kg)]]+Tabel113[[#This Row],[Volume (m3)]]*Tabel113[[#This Row],[Transport-impact ]]*Tabel113[[#This Row],[Transport afstand (km)]] -> 850 | T5: =Tabel113[[#This Row],[Volume (m3)]]*Tabel113[[#This Row],[CO2- recycle (kg)]]+Tabel113[[#This Row],[Volume (m3)]]*Tabel113[[#This Row],[Transport-impact ]]*Tabel113[[#This Row],[Transport afstand (km)]] -> 1900 | U5: =IF(V5="hergebruik",R5-S5,IF(V5="recycling",T5-S5,"")) -> 1950 | V5: =IF(S5=MIN(R5:T5),"Hergebruik",IF(T5=MIN(R5:T5),"Recycling","Nieuw")) -> Hergebruik | W5: =Tabel113[[#This Row],[Volume (m3)]]*Tabel113[[#This Row],[Geschatte recovery rate (%)]] -> 8 | X5: =IF($J5="Totaal","",IFERROR(VLOOKUP($J5,Hout!$A$11:$D$14,4,FALSE),0)) -> 243.75 | Y5: =Tabel113[[#This Row],[Verkoopbaar volume (m3)]]*Tabel113[[#This Row],[Verkoopprijs aan retailer per m³]] -> 1950
A6: 3 | B6: luifel | C6: Gevel- en buitenhout | D6: 0.17 | E6: 2 | F6: 3 | G6: 2 | H6: =IF(COUNTA(E6:G6)=0,"",AVERAGE(E6:G6)) -> 2.3333333 | I6: =IFERROR(ROUND(Tabel113[[#This Row],[Gem. score]]/5,2),0) -> 0.47 | J6: =IF(F6="","",IF(F6>=4,"A-Hout",IF(F6>=2.75,"B-Hout","C-Hout"))) -> B-Hout | K6: =IF(J6="A-hout","Hergebruik",IF(J6="C-hout","Recycling",IF(H6>=4,"Hergebruik","Recycling"))) -> Recycling | L6: =IF(I6>=75%,"Hoogwaardig","Laagwaardig") -> Laagwaardig | M6: 240 | N6: 45 | O6: 150 | P6: 2 | Q6: 20 | R6: =Tabel113[[#This Row],[Volume (m3)]]*Tabel113[[#This Row],[CO2-nieuw (kg)]]+Tabel113[[#This Row],[Volume (m3)]]*Tabel113[[#This Row],[Transport-impact ]]*Tabel113[[#This Row],[Transport afstand (km)]] -> 47.6 | S6: =Tabel113[[#This Row],[Volume (m3)]]*Tabel113[[#This Row],[CO2-Hergebruik (kg)]]+Tabel113[[#This Row],[Volume (m3)]]*Tabel113[[#This Row],[Transport-impact ]]*Tabel113[[#This Row],[Transport afstand (km)]] -> 14.45 | T6: =Tabel113[[#This Row],[Volume (m3)]]*Tabel113[[#This Row],[CO2- recycle (kg)]]+Tabel113[[#This Row],[Volume (m3)]]*Tabel113[[#This Row],[Transport-impact ]]*Tabel113[[#This Row],[Transport afstand (km)]] -> 32.3 | U6: =IF(V6="hergebruik",R6-S6,IF(V6="recycling",T6-S6,"")) -> 33.15 | V6: =IF(S6=MIN(R6:T6),"Hergebruik",IF(T6=MIN(R6:T6),"Recycling","Nieuw")) -> Hergebruik | W6: =Tabel113[[#This Row],[Volume (m3)]]*Tabel113[[#This Row],[Geschatte recovery rate (%)]] -> 0.0799 | X6: =IF($J6="Totaal","",IFERROR(VLOOKUP($J6,Hout!$A$11:$D$14,4,FALSE),0)) -> 150 | Y6: =Tabel113[[#This Row],[Verkoopbaar volume (m3)]]*Tabel113[[#This Row],[Verkoopprijs aan retailer per m³]] -> 11.985
A7: 3 | B7: trapleuning | C7: Binnenafbouw en interieurhout | D7: 10 | E7: 5 | F7: 1 | G7: 1 | H7: =IF(COUNTA(E7:G7)=0,"",AVERAGE(E7:G7)) -> 2.3333333 | I7: =IFERROR(ROUND(Tabel113[[#This Row],[Gem. score]]/5,2),0) -> 0.47 | J7: =IF(F7="","",IF(F7>=4,"A-Hout",IF(F7>=2.75,"B-Hout","C-Hout"))) -> C-Hout | K7: =IF(J7="A-hout","Hergebruik",IF(J7="C-hout","Recycling",IF(H7>=4,"Hergebruik","Recycling"))) -> Recycling | L7: =IF(I7>=75%,"Hoogwaardig","Laagwaardig") -> Laagwaardig | M7: 240 | N7: 45 | O7: 150 | P7: 3 | Q7: 20 | R7: =Tabel113[[#This Row],[Volume (m3)]]*Tabel113[[#This Row],[CO2-nieuw (kg)]]+Tabel113[[#This Row],[Volume (m3)]]*Tabel113[[#This Row],[Transport-impact ]]*Tabel113[[#This Row],[Transport afstand (km)]] -> 3000 | S7: =Tabel113[[#This Row],[Volume (m3)]]*Tabel113[[#This Row],[CO2-Hergebruik (kg)]]+Tabel113[[#This Row],[Volume (m3)]]*Tabel113[[#This Row],[Transport-impact ]]*Tabel113[[#This Row],[Transport afstand (km)]] -> 1050 | T7: =Tabel113[[#This Row],[Volume (m3)]]*Tabel113[[#This Row],[CO2- recycle (kg)]]+Tabel113[[#This Row],[Volume (m3)]]*Tabel113[[#This Row],[Transport-impact ]]*Tabel113[[#This Row],[Transport afstand (km)]] -> 2100 | U7: =IF(V7="hergebruik",R7-S7,IF(V7="recycling",T7-S7,"")) -> 1950 | V7: =IF(S7=MIN(R7:T7),"Hergebruik",IF(T7=MIN(R7:T7),"Recycling","Nieuw")) -> Hergebruik | W7: =Tabel113[[#This Row],[Volume (m3)]]*Tabel113[[#This Row],[Geschatte recovery rate (%)]] -> 4.7 | X7: =IF($J7="Totaal","",IFERROR(VLOOKUP($J7,Hout!$A$11:$D$14,4,FALSE),0)) -> 0 | Y7: =Tabel113[[#This Row],[Verkoopbaar volume (m3)]]*Tabel113[[#This Row],[Verkoopprijs aan retailer per m³]] -> 0
A8: 4 | B8: Houten kozijn | C8: Plaatmateriaal en bewerkt hout | D8: 10 | E8: 5 | F8: 4 | G8: 5 | H8: =IF(COUNTA(E8:G8)=0,"",AVERAGE(E8:G8)) -> 4.6666667 | I8: =IFERROR(ROUND(Tabel113[[#This Row],[Gem. score]]/5,2),0) -> 0.93 | J8: Bijzonder hout | K8: =IF(J8="A-hout","Hergebruik",IF(J8="C-hout","Recycling",IF(H8>=4,"Hergebruik","Recycling"))) -> Hergebruik | L8: =IF(I8>=75%,"Hoogwaardig","Laagwaardig") -> Hoogwaardig | M8: 240 | N8: 45 | O8: 150 | P8: 2 | Q8: 20 | R8: =Tabel113[[#This Row],[Volume (m3)]]*Tabel113[[#This Row],[CO2-nieuw (kg)]]+Tabel113[[#This Row],[Volume (m3)]]*Tabel113[[#This Row],[Transport-impact ]]*Tabel113[[#This Row],[Transport afstand (km)]] -> 2800 | S8: =Tabel113[[#This Row],[Volume (m3)]]*Tabel113[[#This Row],[CO2-Hergebruik (kg)]]+Tabel113[[#This Row],[Volume (m3)]]*Tabel113[[#This Row],[Transport-impact ]]*Tabel113[[#This Row],[Transport afstand (km)]] -> 850 | T8: =Tabel113[[#This Row],[Volume (m3)]]*Tabel113[[#This Row],[CO2- recycle (kg)]]+Tabel113[[#This Row],[Volume (m3)]]*Tabel113[[#This Row],[Transport-impact ]]*Tabel113[[#This Row],[Transport afstand (km)]] -> 1900 | U8: =IF(V8="hergebruik",R8-S8,IF(V8="recycling",T8-S8,"")) -> 1950 | V8: =IF(S8=MIN(R8:T8),"Hergebruik",IF(T8=MIN(R8:T8),"Recycling","Nieuw")) -> Hergebruik | W8: =Tabel113[[#This Row],[Volume (m3)]]*Tabel113[[#This Row],[Geschatte recovery rate (%)]] -> 9.3 | X8: =IF($J8="Totaal","",IFERROR(VLOOKUP($J8,Hout!$A$11:$D$14,4,FALSE),0)) -> 900 | Y8: =Tabel113[[#This Row],[Verkoopbaar volume (m3)]]*Tabel113[[#This Row],[Verkoopprijs aan retailer per m³]] -> 8370
A10: Houtklasse | B10: Retail hergebruikprijs per m³ | C10: Retailer-inkoopfactor | D10: Verkoopprijs aan retailer per m³
A11: A-hout | B11: 375 | C11: 0.65 | D11: =Tabel1[[#This Row],[Retailer-inkoopfactor]]*Tabel1[[#This Row],[Retail hergebruikprijs per m³]] -> 243.75
A12: B-hout | B12: 250 | C12: 0.6 | D12: =Tabel1[[#This Row],[Retailer-inkoopfactor]]*Tabel1[[#This Row],[Retail hergebruikprijs per m³]] -> 150
A13: C-hout | B13: 0 | C13: 0 | D13: =Tabel1[[#This Row],[Retailer-inkoopfactor]]*Tabel1[[#This Row],[Retail hergebruikprijs per m³]] -> 0
A14: Bijzonder hout | B14: 1500 | C14: 0.6 | D14: =Tabel1[[#This Row],[Retailer-inkoopfactor]]*Tabel1[[#This Row],[Retail hergebruikprijs per m³]] -> 900

Sheet Hout 2.0
A1: Categorie | B1: Betekenis | C1: Hoe beoordelen? | D1: Voorbeelden | F1: Categorie | G1: Definitie | H1: Voorbeelden in gebouwen | I1: Bouwdelen | J1: Typische gebouwtypen
A2: A-hout | B2: Schoon, onbehandeld en kwalitatief goed hout | C2: Hoge kans op hergebruik of hoogwaardige recycling | D2: massieve houten balken, onbehandelde planken, schoon constructiehout, houten regels | F2: Massief constructiehout | G2: Houten elementen die dragend of constructief zijn, meestal als balk, ligger, stijl of kolom. | H2: houten balk, gording, spant, kolom, houten ligger, dakbeschot, houten vloerbalk, kapconstructie, houten trap | I2: Draagconstructie, dak, vloer, trap | J2: grondgebonden woningen, utiliteitsbouw, renovatieprojecten
A3: B-hout | B3: Behandeld, geverfd, gelakt of licht beschadigd hout | C3: Soms hergebruik mogelijk, meestal recycling/downcycling | D3: houten kozijnen, geverfde planken, houten deuren, plaatmateriaal, multiplex, underlayment | F3: Plaatmateriaal en bewerkt hout | G3: Verlijmde of samengestelde houtproducten als plaat of samengesteld element. | H3: multiplex, OSB, spaanplaat, MDF, underlayment, CLT, LVL, gelamineerde ligger, houten systeemwand | I3: Binnenafbouw, vloeren, wanden, daken | J3: woningbouw, utiliteitsbouw, houtskeletbouw
A4: C-hout | B4: Sterk behandeld, geïmpregneerd, vervuild of moeilijk herbruikbaar hout | C4: Meestal laagwaardige verwerking of afvalroute; voorzichtig beoordelen door mogelijke schadelijke stoffen | D4: geïmpregneerd hout, verrot hout, vervuild sloophout, hout met lijm- of kitresten | F4: Gevel- en buitenhout | G4: Hout dat aan buitenzijde of in de gebouwschil is toegepast. | H4: gevelbekleding, boeiboord, dakrand, dakkapelbekleding, luifel, houten vlonder | I4: Gevel, dakrand, kozijnen, buitenafwerking | J4: grondgebonden woningen, utiliteitsbouw, recreatiegebouwen
A5: Bijzonder hout | B5: Houten constructies of bouwelementen die niet goed als standaard houtvolume beoordeeld kunnen worden | C5: Apart beoordelen op functie, maatvoering, conditie, demontage en hergebruikspotentie | D5: houten trappen, dakkapellen, houten dakconstructies, complete houten vloeren, houten gevelsystemen | F5: Binnenafbouw en interieurhout | G5: Niet-dragend hout in de afbouw en inrichting. | H5: plint, regelwerk, houten wandbekleding, trapleuning, balustrade, vaste kast | I5: Binnenafbouw, interieur, scheidingswanden | J5: alle gebouwtypen; veel in woningbouw en utiliteit
A7: Hout PRR | B7: Routeadvies | C7: Onderbouwing
A8: ≥ 80% | B8: Hergebruik | C8: Alleen schoon, goed demontabel en verkoopbaar hout is echt kansrijk voor direct hergebruik.
A9: 55% – 79% | B9: Hergebruik > recycling | C9: Hout kan nog herbruikbaar zijn, maar conditie, maatvoering, verf, lijm of schade maken dit onzeker.
A10: 30% – 54% | B10: Recycling | C10: Vooral geschikt voor recycling/downcycling.
A11: < 30% | B11: Handmatig beoordelen | C11: Te lage score of te veel onzekerheid.

Sheet Hout-data
A1: Herkomst | B1: Volume (m³)
A2: Totaal | B2: 1.35
A3: Plafonds | B3: 0
A4: Kolommen | B4: 0
A5: Gevelpanelen | B5: 0
A6: Deuren | B6: 0
A7: Vloeren | B7: 0.17
A8: Daken | B8: 0
A9: Wanden | B9: 1.18
A10: Ramen | B10: 0
A11: Trappen | B11: 0

Sheet Staal
A1: Materiaal gegevens | E1: Recovery rate | M1: Klimaatimpact | W1: Fincancieel
A2: Materiaal-ID | B2: Element | C2: Materiaalcategorie | D2: Volume (m3) | E2: Demonteerbaarheid | F2: Materiaalconditie | G2: Marktpotentie | H2: Gem. score | I2: Geschatte recovery rate (%) | J2: Klasse | K2: Routeadvies | L2: Hoog-/laagwaardig | M2: CO2-nieuw (kg) | N2: CO2-Hergebruik (kg) | O2: CO2- recycle (kg) | P2: Transport-impact | Q2: Transport afstand (km) | R2: Totale CO2 nieuw | S2: Totale CO2 hergebruik | T2: Totale Co2 recycling | U2: Klimaatbesparing | V2: Laagste uitstoot | W2: Verkoopbaar volume (m3) | X2: Verkoopprijs aan retailer per m³ | Y2: Financiële marktwaarde excl. kosten
